Survived,Pclass,Sex,Age,SibSp,Parch,Fare,Embarked,Fare_Log
0,3,1,-0.5510595194824094,0.47587560314134286,-0.5007544611783037,-0.5275147920390657,2,0.7600699247782685
1,1,0,0.6119446643175355,0.47587560314134286,-0.5007544611783037,0.6950862020362649,0,1.2122465041681494
1,3,0,-0.2603084735324231,-0.5345451980491797,-0.5007544611783037,-0.5146268779224913,2,0.7660786594278818
1,1,0,0.3938813798550457,0.47587560314134286,-0.5007544611783037,0.3479087075830671,2,1.1032180803193525
0,3,1,0.3938813798550457,-0.5345451980491797,-0.5007544611783037,-0.5122402271601627,2,0.7671874367860494
0,3,1,-0.11493295055743012,-0.5345451980491797,-0.5007544611783037,-0.5044444711100926,1,0.7708006046955013
0,1,1,1.7749488481174804,-0.5345451980491797,-0.5007544611783037,0.32428086503601383,2,1.0953474319154595
0,3,1,-2.00481474923234,2.496717205522388,0.6896894265922036,-0.2635512177255219,2,0.876463791510184
1,3,0,-0.1876207120449266,-0.5345451980491797,1.8801333143627106,-0.45337014479626037,2,0.7941549127420375
1,2,0,-1.1325616113823815,0.47587560314134286,-0.5007544611783037,-0.09179255430347655,0,0.9455185985667061
1,3,0,-1.859439226257347,0.47587560314134286,0.6896894265922036,-0.34708399440702314,2,0.8410741942844379
1,1,0,2.065699894067467,-0.5345451980491797,-0.5007544611783037,-0.15901591433552895,2,0.9190567516792976
0,3,1,-0.6964350424574023,-0.5345451980491797,-0.5007544611783037,-0.5122402271601627,2,0.7671874367860494
0,3,1,0.6846324258050319,0.47587560314134286,5.451464977674233,-0.06880051551950765,2,0.9544108475670382
0,3,0,-1.1325616113823815,-0.5345451980491797,-0.5007544611783037,-0.5159786769142742,2,0.7654501021402886
1,2,0,1.8476366096049772,-0.5345451980491797,-0.5007544611783037,-0.3604492386760633,2,0.835293798022089
0,3,1,-2.00481474923234,3.50713800671291,0.6896894265922036,-0.10985090863155964,1,0.9384786014805386
1,2,1,-0.11493295055743012,-0.5345451980491797,-0.5007544611783037,-0.4177288569719499,2,0.8101350909801022
0,3,0,0.10313033390505968,0.47587560314134286,-0.5007544611783037,-0.3222628264788056,2,0.8517213664317062
1,3,0,-0.11493295055743012,-0.5345451980491797,-0.5007544611783037,-0.5279921221915316,0,0.7598466841838859
0,2,1,0.3938813798550457,-0.5345451980491797,-0.5007544611783037,-0.1695171776897748,2,0.914859050933651
1,2,1,0.32119361836754917,-0.5345451980491797,-0.5007544611783037,-0.4177288569719499,2,0.8101350909801022
1,3,0,-1.059873849894885,-0.5345451980491797,-0.5007544611783037,-0.5126373658470142,1,0.7670030214774168
1,1,1,-0.11493295055743012,-0.5345451980491797,-0.5007544611783037,0.01186828024719934,2,0.9849988543177731
0,3,0,-1.5686881803073607,2.496717205522388,0.6896894265922036,-0.2635512177255219,2,0.876463791510184
1,3,0,0.6119446643175355,0.47587560314134286,5.451464977674233,-0.06665252983341187,2,0.9552375638410668
0,3,1,-0.11493295055743012,-0.5345451980491797,-0.5007544611783037,-0.5279921221915316,0,0.7598466841838859
0,1,1,-0.7691228039448987,2.496717205522388,1.8801333143627106,4.355572667685264,2,1.94897875092556
1,3,0,-0.11493295055743012,-0.5345451980491797,-0.5007544611783037,-0.5155013467618085,1,0.7656720954609143
0,3,1,-0.11493295055743012,-0.5345451980491797,-0.5007544611783037,-0.5151843995405713,2,0.7658194718052899
0,1,1,0.7573201872925285,-0.5345451980491797,-0.5007544611783037,-0.1366615886352543,0,0.9279342611777847
1,1,0,-0.11493295055743012,0.47587560314134286,-0.5007544611783037,2.1316112958818536,0,1.5681057528300948
1,3,0,-0.11493295055743012,-0.5345451980491797,-0.5007544611783037,-0.5179681889897514,1,0.7645243028507036
0,2,1,2.647201985967439,-0.5345451980491797,-0.5007544611783037,-0.46546187221852203,2,0.7886749112599956
0,1,1,-0.11493295055743012,0.47587560314134286,-0.5007544611783037,0.9029634834350868,0,1.272258551372299
0,1,1,0.9026957102675218,0.47587560314134286,-0.5007544611783037,0.32690618087457535,2,1.0962250137698162
1,3,1,-0.11493295055743012,-0.5345451980491797,-0.5007544611783037,-0.5279119307259174,0,0.759884192086878
0,3,1,-0.623747280969906,-0.5345451980491797,-0.5007544611783037,-0.5122402271601627,2,0.7671874367860494
0,3,0,-0.8418105654323952,1.4862964043318654,-0.5007544611783037,-0.3222628264788056,2,0.8517213664317062
1,3,0,-1.1325616113823815,0.47587560314134286,-0.5007544611783037,-0.451300441255169,0,0.7950899049671428
0,3,0,0.7573201872925285,0.47587560314134286,-0.5007544611783037,-0.4850324084696166,2,0.7797413624370281
0,2,0,-0.1876207120449266,0.47587560314134286,-0.5007544611783037,-0.2649832081829191,2,0.8758675445160868
0,3,1,-0.11493295055743012,-0.5345451980491797,-0.5007544611783037,-0.5151843995405713,0,0.7658194718052899
1,2,0,-1.9321269877448435,0.47587560314134286,1.8801333143627106,0.12793969876198383,0,1.0274313948537996
1,3,0,-0.7691228039448987,-0.5345451980491797,-0.5007544611783037,-0.5155013467618085,1,0.7656720954609143
0,3,1,-0.11493295055743012,-0.5345451980491797,-0.5007544611783037,-0.5122402271601627,2,0.7671874367860494
0,3,1,-0.11493295055743012,0.47587560314134286,-0.5007544611783037,-0.3699958417253778,1,0.831144390418402
0,3,1,-0.11493295055743012,1.4862964043318654,-0.5007544611783037,-0.2520151026007303,0,0.8812542330737351
0,3,0,-0.8418105654323952,0.47587560314134286,-0.5007544611783037,-0.3260814676985314,2,0.8500907004428905
0,3,1,-1.6413759417948575,3.50713800671291,0.6896894265922036,0.09182108078520755,2,1.0144193423648118
0,3,1,-0.623747280969906,-0.5345451980491797,-0.5007544611783037,-0.5170135286848199,2,0.7649686513177281
1,1,0,1.4115100406799976,0.47587560314134286,-0.5007544611783037,0.799065893128788,0,1.2427144881619092
1,2,0,-0.042245189069933305,0.47587560314134286,-0.5007544611783037,-0.1695171776897748,2,0.914859050933651
0,1,1,2.574514224479943,-0.5345451980491797,0.6896894265922036,0.5174411031740124,0,1.157944040398862
1,2,0,-0.623747280969906,-0.5345451980491797,-0.5007544611783037,-0.46546187221852203,2,0.7886749112599956
0,3,1,-0.07858906981368172,-0.5345451980491797,-0.5007544611783037,-0.5279119307259174,0,0.759884192086878
1,2,0,-1.7867514647698506,0.47587560314134286,1.8801333143627106,-0.1361040670171743,2,0.9281546639851527
0,3,1,-1.3506248958448712,4.517558807903433,1.8801333143627106,0.2295308297715682,2,1.063147918505365
0,3,1,-0.5510595194824094,-0.5345451980491797,-0.5007544611783037,-0.5279119307259174,0,0.759884192086878
1,1,0,0.6119446643175355,-0.5345451980491797,-0.5007544611783037,0.8615159516361831,2,1.2605770695561551
0,1,1,1.1207589947300116,0.47587560314134286,-0.5007544611783037,0.9278648428289182,2,1.2792116352765965
0,3,1,-1.859439226257347,2.496717205522388,1.8801333143627106,-0.13324008610238,2,0.9292861051048629
0,1,1,-0.11493295055743012,-0.5345451980491797,-0.5007544611783037,-0.1366615886352543,0,0.9279342611777847
1,3,1,-0.11493295055743012,0.47587560314134286,0.6896894265922036,-0.37484933471564924,0,0.829028211294676
1,2,0,-0.042245189069933305,-0.5345451980491797,-0.5007544611783037,-0.46546187221852203,2,0.7886749112599956
0,3,1,-0.7691228039448987,-0.5345451980491797,-0.5007544611783037,-0.5101724329396812,2,0.7681470885023581
1,3,0,-0.9144983269198919,3.50713800671291,1.8801333143627106,-0.5146268779224913,2,0.7660786594278818
0,3,1,-0.2603084735324231,1.4862964043318654,-0.5007544611783037,-0.5005456384247525,2,0.7726027456664173
0,2,1,0.1758180953925562,-0.5345451980491797,-0.5007544611783037,-0.46546187221852203,2,0.7886749112599956
0,3,0,-0.9871860884073884,4.517558807903433,1.8801333143627106,0.2295308297715682,2,1.063147918505365
0,2,1,-0.623747280969906,-0.5345451980491797,-0.5007544611783037,0.7374101119950957,2,1.2247604311299654
0,3,1,-0.2603084735324231,0.47587560314134286,-0.5007544611783037,-0.3899635166633238,0,0.822409419372514
1,3,1,0.1758180953925562,-0.5345451980491797,-0.5007544611783037,0.412745416852791,2,1.1245028673476904
0,3,1,-0.3329962350199196,-0.5345451980491797,-0.5007544611783037,-0.5198775095996142,2,0.7636350131409404
1,2,1,-2.089859430172711,-0.5345451980491797,1.8801333143627106,-0.11223755939388826,2,0.9375444536116836
1,3,0,0.030442572417563193,-0.5345451980491797,-0.5007544611783037,-0.4277527901737301,2,0.8056664964875061
0,3,1,-0.5510595194824094,-0.5345451980491797,-0.5007544611783037,-0.49410168136646526,2,0.7755742072786511
1,3,1,-0.042245189069933305,-0.5345451980491797,-0.5007544611783037,-0.4845550783171509,2,0.77996020610034
1,3,0,-0.11493295055743012,-0.5345451980491797,-0.5007544611783037,-0.5172521937610528,1,0.7648575827101223
0,1,1,-0.11493295055743012,-0.5345451980491797,-0.5007544611783037,0.23334947099129397,2,1.0644658819300876
1,2,0,-0.9144983269198919,-0.5345451980491797,-0.5007544611783037,-0.46546187221852203,2,0.7886749112599956
1,3,0,0.24850585688005267,2.496717205522388,-0.5007544611783037,-0.36331321959085766,2,0.8340507825863744
0,3,1,-0.9871860884073884,0.47587560314134286,3.0705772021332183,-0.009611576613758159,2,0.9769450792310375
1,1,0,-0.4783717579949126,2.496717205522388,1.8801333143627106,4.355572667685264,2,1.94897875092556
0,3,1,-0.4056839965074161,-0.5345451980491797,-0.5007544611783037,-0.5122402271601627,2,0.7671874367860494
0,3,1,-0.042245189069933305,-0.5345451980491797,-0.5007544611783037,-0.5122402271601627,2,0.7671874367860494
0,3,1,-0.6964350424574023,-0.5345451980491797,-0.5007544611783037,-0.5159786769142742,2,0.7654501021402886
0,1,1,1.1934467562175084,0.47587560314134286,-0.5007544611783037,0.502086346829495,2,1.1531089597380246
0,3,1,-0.2603084735324231,0.47587560314134286,1.8801333143627106,-0.27309782077483635,2,0.8724820798456464
0,3,1,2.138387655554963,-0.5345451980491797,-0.5007544611783037,-0.5275147920390657,2,0.7600699247782685
0,1,1,3.010640793404922,-0.5345451980491797,-0.5007544611783037,-0.004280753471020994,0,0.9789499066898624
1,1,1,-0.4783717579949126,-0.5345451980491797,0.6896894265922036,0.5437725437046315,0,1.1661815499565904
1,2,0,0.32119361836754917,-0.5345451980491797,0.6896894265922036,-0.22679679598566135,2,0.8916470515966485
0,2,1,0.32119361836754917,0.47587560314134286,-0.5007544611783037,-0.1695171776897748,2,0.914859050933651
0,3,0,-0.11493295055743012,-0.5345451980491797,-0.5007544611783037,-0.5151843995405713,2,0.7658194718052899
0,1,1,-0.623747280969906,-0.5345451980491797,0.6896894265922036,0.8097256300936523,2,1.2457861631902933
0,3,1,0.24850585688005267,-0.5345451980491797,-0.5007544611783037,-0.5007041120353711,2,0.7725295583646572
0,3,1,0.539256902830039,1.4862964043318654,-0.5007544611783037,-0.5146268779224913,2,0.7660786594278818
1,3,0,-0.623747280969906,-0.5345451980491797,-0.5007544611783037,-0.5198775095996142,2,0.7636350131409404
1,3,1,-0.11493295055743012,-0.5345451980491797,-0.5007544611783037,-0.5174908588372856,2,0.7647465017649107
0,3,1,0.6119446643175355,-0.5345451980491797,-0.5007544611783037,-0.5151843995405713,2,0.7658194718052899
1,3,0,-0.11493295055743012,0.47587560314134286,-0.5007544611783037,-0.20483960897223824,1,0.9006087812473564
0,1,1,1.2661345177050045,-0.5345451980491797,-0.5007544611783037,0.32690618087457535,2,1.0962250137698162
0,3,0,-1.0962177306386331,0.47587560314134286,-0.5007544611783037,-0.3899635166633238,0,0.822409419372514
0,3,1,-0.5510595194824094,-0.5345451980491797,-0.5007544611783037,-0.5122402271601627,2,0.7671874367860494
0,3,0,-0.6964350424574023,0.47587560314134286,-0.5007544611783037,-0.4783497863350965,2,0.7828008240663956
0,3,0,-0.9144983269198919,-0.5345451980491797,-0.5007544611783037,-0.38988523451831947,0,0.8224438137438569
0,3,1,-0.623747280969906,-0.5345451980491797,-0.5007544611783037,-0.5146268779224913,2,0.7660786594278818
0,3,1,2.974296912661173,-0.5345451980491797,-0.5007544611783037,-0.5179681889897514,1,0.7645243028507036
0,2,1,-0.042245189069933305,0.47587560314134286,-0.5007544611783037,-0.2649832081829191,2,0.8758675445160868
0,1,1,-0.4056839965074161,-0.5345451980491797,0.6896894265922036,4.060025111843368,0,1.9059755059748975
0,3,0,-2.00481474923234,3.50713800671291,1.8801333143627106,-0.06880051551950765,2,0.9544108475670382
0,2,1,-0.623747280969906,1.4862964043318654,-0.5007544611783037,0.7374101119950957,2,1.2247604311299654
0,2,1,0.21216197613630458,0.47587560314134286,-0.5007544611783037,-0.09179255430347655,0,0.9455185985667061
1,2,0,0.21216197613630458,-0.5345451980491797,-0.5007544611783037,-0.4177288569719499,2,0.8101350909801022
0,1,1,1.7749488481174804,-0.5345451980491797,0.6896894265922036,0.8097256300936523,2,1.2457861631902933
1,3,1,-1.2779371343573744,0.47587560314134286,-0.5007544611783037,-0.451300441255169,0,0.7950899049671428
0,3,1,-0.11493295055743012,-0.5345451980491797,-0.5007544611783037,-0.5179681889897514,1,0.7645243028507036
1,3,1,-0.4056839965074161,-0.5345451980491797,-0.5007544611783037,-0.5295825862595473,2,0.7591024866435345
1,3,0,-0.11493295055743012,0.47587560314134286,0.6896894265922036,-0.2390489063391515,0,0.886611273878967
0,3,1,1.1207589947300116,-0.5345451980491797,-0.5007544611783037,-0.5327654237161887,2,0.7576115329492406
0,3,1,0.24850585688005267,-0.5345451980491797,-0.5007544611783037,-0.5151843995405713,0,0.7658194718052899
0,3,1,-0.6964350424574023,-0.5345451980491797,-0.5007544611783037,-0.5313334332587916,2,0.7582826030455191
0,3,0,1.2661345177050045,0.47587560314134286,-0.5007544611783037,-0.3890890478240066,2,0.822793562482025
0,2,1,-0.3329962350199196,-0.5345451980491797,-0.5007544611783037,-0.4177288569719499,2,0.8101350909801022
0,2,1,-0.4783717579949126,-0.5345451980491797,-0.5007544611783037,-0.378667975935375,0,0.8273600860412692
1,1,0,-0.7691228039448987,-0.5345451980491797,1.8801333143627106,-0.1641080724020333,2,0.9170234489122879
0,1,1,0.539256902830039,0.47587560314134286,-0.5007544611783037,0.3479087075830671,2,1.1032180803193525
0,3,1,-0.9871860884073884,-0.5345451980491797,-0.5007544611783037,-0.48996418360489247,2,0.7774774615859478
0,1,1,-0.4056839965074161,-0.5345451980491797,-0.5007544611783037,0.8462413867572802,0,1.2562374748331564
0,3,0,-0.11493295055743012,-0.5345451980491797,1.8801333143627106,-0.37484933471564924,0,0.829028211294676
1,3,0,-0.5510595194824094,-0.5345451980491797,-0.5007544611783037,-0.5179681889897514,2,0.7645243028507036
1,3,0,-0.4056839965074161,0.47587560314134286,-0.5007544611783037,-0.36331321959085766,2,0.8340507825863744
0,3,1,-0.7691228039448987,-0.5345451980491797,-0.5007544611783037,-0.5370613950883802,1,0.7555956164116546
0,2,1,-0.8418105654323952,-0.5345451980491797,-0.5007544611783037,-0.4463686661198932,2,0.7973143259951001
0,2,1,-0.7691228039448987,0.47587560314134286,0.6896894265922036,0.03573478787048533,2,0.9938720710022215
1,3,1,-0.1876207120449266,-0.5345451980491797,-0.5007544611783037,-0.5170937201504342,2,0.7649313336416875
0,3,0,-1.4960004188198641,1.4862964043318654,1.8801333143627106,-0.009611576613758159,2,0.9769450792310375
0,2,1,0.5029130220862906,-0.5345451980491797,1.8801333143627106,-0.1695171776897748,2,0.914859050933651
0,2,1,0.9026957102675218,-0.5345451980491797,-0.5007544611783037,-0.4177288569719499,2,0.8101350909801022
0,2,1,1.5568855636549905,-0.5345451980491797,-0.5007544611783037,-0.4267981298687986,2,0.8060929382672677
1,1,0,-0.5510595194824094,0.47587560314134286,-0.5007544611783037,0.6056669899145564,2,1.1852814623310675
0,3,1,1.8839804903487256,-0.5345451980491797,-0.5007544611783037,-0.5122402271601627,2,0.7671874367860494
0,3,1,0.7936640680362772,-0.5345451980491797,1.8801333143627106,-0.3890890478240066,2,0.822793562482025
0,3,1,-0.11493295055743012,-0.5345451980491797,-0.5007544611783037,-0.5263214666579015,2,0.7606278083274367
0,1,1,1.5568855636549905,-0.5345451980491797,0.6896894265922036,0.505985179514835,0,1.1543388847622373
1,3,0,-0.9871860884073884,-0.5345451980491797,-0.5007544611783037,-0.5182870455315984,1,0.7643758464653206
0,3,1,0.030442572417563193,-0.5345451980491797,-0.5007544611783037,-0.5122402271601627,2,0.7671874367860494
0,3,1,-0.11493295055743012,-0.5345451980491797,-0.5007544611783037,-0.5005456384247525,2,0.7726027456664173
0,3,1,-0.11493295055743012,7.548821211475,1.8801333143627106,0.6619919479055117,2,1.2023512355415262
0,3,1,1.0480712332425148,-0.5345451980491797,0.6896894265922036,-0.3585399180662004,2,0.8361216174263862
1,2,0,0.7573201872925285,-0.5345451980491797,-0.5007544611783037,-0.36522254020072054,2,0.8332212464166342
0,3,1,-0.2603084735324231,-0.5345451980491797,-0.5007544611783037,-0.5174908588372856,2,0.7647465017649107
0,3,1,-0.9144983269198919,-0.5345451980491797,-0.5007544611783037,-0.5005456384247525,2,0.7726027456664173
0,3,1,-2.0775025107198366,3.50713800671291,0.6896894265922036,0.09182108078520755,2,1.0144193423648118
1,3,1,-1.4960004188198641,-0.5345451980491797,1.8801333143627106,-0.27405248107976776,2,0.8720830353169743
1,1,0,-0.11493295055743012,-0.5345451980491797,0.6896894265922036,0.38418579917046186,2,1.11518301121216
0,3,0,1.1207589947300116,0.47587560314134286,4.261021089903726,-0.13324008610238,2,0.9292861051048629
0,1,1,-0.11493295055743012,-0.5345451980491797,-0.5007544611783037,-0.17094916814717195,2,0.9142852695209254
0,3,1,-0.11493295055743012,-0.5345451980491797,-0.5007544611783037,0.412745416852791,2,1.1245028673476904
0,1,1,2.283763178529956,-0.5345451980491797,-0.5007544611783037,-0.0263181319500584,2,0.9706358782559467
0,3,1,-1.859439226257347,3.50713800671291,0.6896894265922036,-0.10985090863155964,1,0.9384786014805386
1,3,0,-2.0775025107198366,0.47587560314134286,0.6896894265922036,-0.45337014479626037,2,0.7941549127420375
0,1,1,1.9203243710924733,-0.5345451980491797,-0.5007544611783037,-0.07985930049183348,0,0.95014369353078
0,3,1,-0.8418105654323952,0.47587560314134286,0.6896894265922036,-0.5159786769142742,2,0.7654501021402886
0,3,1,-0.11493295055743012,2.496717205522388,0.6896894265922036,-0.17969958450217358,2,0.9107719118639682
0,1,0,1.4841978021674944,-0.5345451980491797,-0.5007544611783037,-0.11772685614724408,0,0.9353925960880851
0,2,1,0.030442572417563193,-0.5345451980491797,-0.5007544611783037,-0.4177288569719499,2,0.8101350909801022
0,3,1,0.46656914134254246,-0.5345451980491797,-0.5007544611783037,-0.665940536254125,2,0.6931471805599453
0,3,0,-0.11493295055743012,7.548821211475,1.8801333143627106,0.6619919479055117,2,1.2023512355415262
0,2,1,-0.11493295055743012,-0.5345451980491797,-0.5007544611783037,-0.3785877844697607,0,0.8273951452910007
0,3,1,-1.4960004188198641,3.50713800671291,1.8801333143627106,-0.06665252983341187,2,0.9552375638410668
1,2,1,-2.0775025107198366,1.4862964043318654,0.6896894265922036,0.07869450159240032,2,1.0096481108749942
1,3,0,-1.859439226257347,-0.5345451980491797,1.8801333143627106,-0.24541267193182453,2,0.8839856421356485
0,1,1,-0.11493295055743012,-0.5345451980491797,-0.5007544611783037,0.28871976867731763,2,1.083383688220142
1,3,0,-0.11493295055743012,0.47587560314134286,-0.5007544611783037,-0.3699958417253778,1,0.831144390418402
1,1,1,1.1207589947300116,-0.5345451980491797,-0.5007544611783037,-0.15901591433552895,2,0.9190567516792976
0,3,1,0.7573201872925285,0.47587560314134286,0.6896894265922036,-0.3699958417253778,1,0.831144390418402
0,3,1,0.46656914134254246,-0.5345451980491797,-0.5007544611783037,-0.5151843995405713,2,0.7658194718052899
1,2,0,0.1758180953925562,-0.5345451980491797,-0.5007544611783037,-0.4177288569719499,2,0.8101350909801022
0,2,1,-0.7691228039448987,-0.5345451980491797,-0.5007544611783037,-0.4177288569719499,2,0.8101350909801022
1,3,0,-0.7691228039448987,0.47587560314134286,-0.5007544611783037,-0.5159786769142742,2,0.7654501021402886
1,2,1,-1.9321269877448435,0.47587560314134286,0.6896894265922036,-0.1695171776897748,2,0.914859050933651
1,1,0,1.0480712332425148,-0.5345451980491797,-0.5007544611783037,-0.1366615886352543,0,0.9279342611777847
1,1,0,2.065699894067467,-0.5345451980491797,-0.5007544611783037,2.1316112958818536,0,1.5681057528300948
0,3,1,0.9026957102675218,-0.5345451980491797,0.6896894265922036,-0.5054774135600284,2,0.7703226073684974
0,2,0,-0.4056839965074161,-0.5345451980491797,-0.5007544611783037,-0.4177288569719499,2,0.8101350909801022
0,3,1,-0.11493295055743012,-0.5345451980491797,-0.5007544611783037,-0.4845550783171509,2,0.77996020610034
0,3,1,0.32119361836754917,-0.5345451980491797,-0.5007544611783037,-0.5419148880786517,2,0.7533131787189666
0,3,1,1.15710287547376,-0.5345451980491797,-0.5007544611783037,-0.5279921221915316,0,0.7598466841838859
1,3,1,-0.8418105654323952,-0.5345451980491797,-0.5007544611783037,-0.5122402271601627,2,0.7671874367860494
0,3,0,-2.00481474923234,-0.5345451980491797,0.6896894265922036,-0.4661778674472206,2,0.7883494767299967
0,3,1,0.1758180953925562,0.47587560314134286,-0.5007544611783037,-0.36331321959085766,2,0.8340507825863744
1,3,1,-0.2603084735324231,-0.5345451980491797,-0.5007544611783037,-0.3072269266761354,0,0.8581163897397428
1,3,0,-0.9871860884073884,-0.5345451980491797,-0.5007544611783037,-0.5179681889897514,1,0.7645243028507036
1,1,1,0.7573201872925285,-0.5345451980491797,-0.5007544611783037,-0.07405114719663058,0,0.9523871036047362
0,3,1,-0.4056839965074161,-0.5345451980491797,-0.5007544611783037,-0.5313334332587916,2,0.7582826030455191
1,2,0,0.3938813798550457,-0.5345451980491797,-0.5007544611783037,-0.2649832081829191,2,0.8758675445160868
0,3,1,-0.5510595194824094,-0.5345451980491797,-0.5007544611783037,-0.5275147920390657,2,0.7600699247782685
0,3,1,-0.11493295055743012,0.47587560314134286,-0.5007544611783037,-0.5179681889897514,1,0.7645243028507036
1,1,0,0.10313033390505968,0.47587560314134286,-0.5007544611783037,1.4968423845680583,0,1.426183821963067
1,3,0,-0.1876207120449266,-0.5345451980491797,-0.5007544611783037,-0.5146268779224913,2,0.7660786594278818
0,2,1,0.9026957102675218,0.47587560314134286,-0.5007544611783037,-0.15042397159114598,2,0.9224781759655112
1,1,0,0.1758180953925562,-0.5345451980491797,-0.5007544611783037,0.790712615460638,0,1.2403008237435313
0,2,1,0.030442572417563193,-0.5345451980491797,-0.5007544611783037,-0.46546187221852203,2,0.7886749112599956
1,3,1,-0.9871860884073884,-0.5345451980491797,-0.5007544611783037,-0.5122402271601627,2,0.7671874367860494
0,2,1,-0.1876207120449266,-0.5345451980491797,-0.5007544611783037,-0.4177288569719499,2,0.8101350909801022
0,3,1,1.5568855636549905,-0.5345451980491797,-0.5007544611783037,-0.5122402271601627,2,0.7671874367860494
1,1,1,0.6119446643175355,0.47587560314134286,-0.5007544611783037,1.0524480126224718,2,1.313290388647127
0,3,1,-0.5510595194824094,-0.5345451980491797,-0.5007544611783037,-0.4874190592319452,2,0.7786464251552604
1,2,1,-0.7691228039448987,-0.5345451980491797,-0.5007544611783037,-0.46546187221852203,2,0.7886749112599956
0,3,1,-0.660091161713654,-0.5345451980491797,-0.5007544611783037,-0.5275147920390657,2,0.7600699247782685
0,2,1,-0.8418105654323952,-0.5345451980491797,-0.5007544611783037,-0.4177288569719499,2,0.8101350909801022
0,3,0,-0.11493295055743012,2.496717205522388,0.6896894265922036,-0.17969958450217358,2,0.9107719118639682
1,1,0,0.3938813798550457,0.47587560314134286,-0.5007544611783037,0.9278648428289182,2,1.2792116352765965
0,3,1,-0.042245189069933305,-0.5345451980491797,-0.5007544611783037,-0.5174908588372856,2,0.7647465017649107
0,2,1,2.138387655554963,-0.5345451980491797,-0.5007544611783037,-0.40818225392263546,2,0.814372410542658
1,3,0,-1.7867514647698506,3.50713800671291,1.8801333143627106,-0.06665252983341187,2,0.9552375638410668
0,2,1,-0.4056839965074161,-0.5345451980491797,-0.5007544611783037,-0.46546187221852203,2,0.7886749112599956
0,3,0,-0.11493295055743012,-0.5345451980491797,-0.5007544611783037,-0.5217868302094771,2,0.7627449318910284
0,2,1,1.0480712332425148,0.47587560314134286,-0.5007544611783037,-0.1695171776897748,2,0.914859050933651
1,2,0,-1.5686881803073607,-0.5345451980491797,1.8801333143627106,-0.16474387616511763,2,0.9167692813866724
0,2,1,-0.7691228039448987,-0.5345451980491797,-0.5007544611783037,-0.46546187221852203,2,0.7886749112599956
0,2,1,0.24850585688005267,-0.5345451980491797,-0.5007544611783037,-0.4315714313934558,2,0.8039589085127187
0,3,0,-0.11493295055743012,0.47587560314134286,-0.5007544611783037,-0.3899635166633238,0,0.822409419372514
0,2,1,-0.042245189069933305,-0.5345451980491797,-0.5007544611783037,-0.46546187221852203,2,0.7886749112599956
0,3,1,-0.5510595194824094,-0.5345451980491797,-0.5007544611783037,-0.5299014428013944,2,0.7589532231087103
0,3,1,0.030442572417563193,-0.5345451980491797,-0.5007544611783037,-0.5279921221915316,0,0.7598466841838859
0,1,1,1.0480712332425148,1.4862964043318654,-0.5007544611783037,1.0524480126224718,1,1.313290388647127
0,3,0,-0.3329962350199196,-0.5345451980491797,-0.5007544611783037,-0.5174908588372856,2,0.7647465017649107
1,2,0,-0.4056839965074161,-0.5345451980491797,1.8801333143627106,-0.3890890478240066,2,0.822793562482025
1,1,1,0.539256902830039,0.47587560314134286,0.6896894265922036,0.33748763569443546,2,1.0997543602388835
0,2,1,1.7749488481174804,0.47587560314134286,-0.5007544611783037,-0.1695171776897748,2,0.914859050933651
0,3,1,-0.11493295055743012,-0.5345451980491797,-0.5007544611783037,-0.5275147920390657,2,0.7600699247782685
0,3,0,-0.042245189069933305,0.47587560314134286,0.6896894265922036,-0.4661778674472206,2,0.7883494767299967
0,1,1,2.356450940017453,-0.5345451980491797,-0.5007544611783037,-0.15901591433552895,2,0.9190567516792976
0,3,1,0.030442572417563193,0.47587560314134286,-0.5007544611783037,-0.3585399180662004,2,0.8361216174263862
0,3,0,0.8300079487800256,-0.5345451980491797,1.8801333143627106,-0.2800191079855893,2,0.8695853928185623
1,3,0,-0.042245189069933305,-0.5345451980491797,1.8801333143627106,-0.37484933471564924,0,0.829028211294676
1,1,0,-0.11493295055743012,-0.5345451980491797,-0.5007544611783037,0.8462413867572802,0,1.2562374748331564
1,1,0,0.030442572417563193,-0.5345451980491797,-0.5007544611783037,0.9856217912772708,2,1.2951551109536859
1,1,0,0.3938813798550457,-0.5345451980491797,-0.5007544611783037,9.116066469691516,0,2.46657353773059
1,2,0,1.4841978021674944,-0.5345451980491797,0.6896894265922036,-0.1695171776897748,2,0.914859050933651
1,3,1,-1.9321269877448435,3.50713800671291,1.8801333143627106,-0.06665252983341187,2,0.9552375638410668
0,1,1,1.6295733251424873,0.47587560314134286,0.6896894265922036,0.8548333295016631,2,1.258680813673002
0,1,1,0.7573201872925285,-0.5345451980491797,-0.5007544611783037,-0.665940536254125,2,0.6931471805599453
0,3,0,-0.11493295055743012,-0.5345451980491797,-0.5007544611783037,-0.5179681889897514,1,0.7645243028507036
0,2,1,0.46656914134254246,-0.5345451980491797,-0.5007544611783037,-0.46546187221852203,2,0.7886749112599956
0,3,1,-0.9871860884073884,3.50713800671291,0.6896894265922036,0.09182108078520755,2,1.0144193423648118
1,3,1,-0.3329962350199196,0.47587560314134286,-0.5007544611783037,-0.5174908588372856,2,0.7647465017649107
1,1,0,2.065699894067467,-0.5345451980491797,0.6896894265922036,2.2641506046567055,2,1.5953574748838848
1,1,0,0.3938813798550457,-0.5345451980491797,-0.5007544611783037,1.9237340144830313,2,1.5238091175798147
0,1,1,-0.11493295055743012,-0.5345451980491797,-0.5007544611783037,-0.07405114719663058,2,0.9523871036047362
1,3,1,-0.3329962350199196,-0.5345451980491797,-0.5007544611783037,-0.665940536254125,2,0.6931471805599453
1,2,0,0.8300079487800256,-0.5345451980491797,0.6896894265922036,-0.2936230173308623,2,0.8638673334429902
0,1,1,0.539256902830039,-0.5345451980491797,0.6896894265922036,-0.0988723151248481,0,0.9427644777451637
1,1,0,2.4291387015049493,0.47587560314134286,-0.5007544611783037,0.8225333527446125,2,1.2494643594898927
0,3,0,1.1207589947300116,-0.5345451980491797,-0.5007544611783037,-0.5179681889897514,2,0.7645243028507036
0,2,1,-0.11493295055743012,-0.5345451980491797,-0.5007544611783037,-0.665940536254125,2,0.6931471805599453
0,3,1,-1.6413759417948575,3.50713800671291,0.6896894265922036,-0.10985090863155964,1,0.9384786014805386
1,3,0,0.3938813798550457,0.47587560314134286,0.6896894265922036,-0.2793031127568907,2,0.8698854395047568
0,3,1,2.574514224479943,-0.5345451980491797,-0.5007544611783037,-0.5179681889897514,1,0.7645243028507036
0,3,1,-0.11493295055743012,-0.5345451980491797,-0.5007544611783037,-0.5159786769142742,2,0.7654501021402886
0,3,1,-0.9871860884073884,-0.5345451980491797,-0.5007544611783037,-0.4845550783171509,2,0.77996020610034
1,3,1,-0.7691228039448987,-0.5345451980491797,-0.5007544611783037,-0.5122402271601627,2,0.7671874367860494
0,1,1,-0.11493295055743012,-0.5345451980491797,-0.5007544611783037,-0.1695171776897748,2,0.914859050933651
0,3,1,0.24850585688005267,-0.5345451980491797,-0.5007544611783037,-0.5005456384247525,0,0.7726027456664173
1,3,1,0.030442572417563193,-0.5345451980491797,-0.5007544611783037,-0.4845550783171509,2,0.77996020610034
0,3,1,-0.5510595194824094,-0.5345451980491797,-0.5007544611783037,-0.5151843995405713,2,0.7658194718052899
1,2,1,0.9026957102675218,-0.5345451980491797,-0.5007544611783037,-0.4177288569719499,2,0.8101350909801022
1,3,0,-0.5510595194824094,-0.5345451980491797,-0.5007544611783037,-0.5179681889897514,1,0.7645243028507036
1,1,0,-0.2603084735324231,-0.5345451980491797,-0.5007544611783037,0.8395587646227598,2,1.2543329642288035
1,1,0,-0.7691228039448987,0.47587560314134286,-0.5007544611783037,1.0730534006441121,0,1.3188165744098794
0,2,1,0.46656914134254246,-0.5345451980491797,-0.5007544611783037,-0.4201155077342785,0,0.8090729496840335
0,3,0,-0.4056839965074161,-0.5345451980491797,-0.5007544611783037,-0.4969656622812596,2,0.7742546476249735
0,3,1,-0.4056839965074161,-0.5345451980491797,-0.5007544611783037,-0.5151843995405713,2,0.7658194718052899
0,3,1,-0.4420278772511645,-0.5345451980491797,-0.5007544611783037,-0.5279119307259174,0,0.759884192086878
0,1,0,-2.00481474923234,0.47587560314134286,1.8801333143627106,2.2276348479930776,2,1.5879231987404987
1,1,1,-0.11493295055743012,-0.5345451980491797,-0.5007544611783037,-0.08359775024594501,2,0.948697043491871
1,1,0,1.4841978021674944,-0.5345451980491797,0.6896894265922036,4.060025111843368,0,1.9059755059748975
1,3,1,-0.11493295055743012,1.4862964043318654,-0.5007544611783037,-0.22202349446100417,1,0.8936020971134152
0,3,1,-0.7691228039448987,-0.5345451980491797,-0.5007544611783037,-0.665940536254125,2,0.6931471805599453
1,2,0,-0.11493295055743012,-0.5345451980491797,-0.5007544611783037,-0.43013944093605866,1,0.8045995957538101
1,1,1,-2.083317531638836,0.47587560314134286,1.8801333143627106,2.2276348479930776,2,1.5879231987404987
1,1,0,-0.11493295055743012,-0.5345451980491797,-0.5007544611783037,1.4511771635419677,0,1.4151533311078262
1,1,0,-0.9144983269198919,0.47587560314134286,-0.5007544611783037,1.413309607886557,0,1.405913183324136
0,2,1,0.030442572417563193,0.47587560314134286,-0.5007544611783037,-0.20770358988703255,0,0.8994444045316561
1,1,0,0.030442572417563193,-0.5345451980491797,-0.5007544611783037,0.4210204123759367,0,1.1271870951743967
1,1,0,-0.4056839965074161,-0.5345451980491797,-0.5007544611783037,0.9218180244574826,0,1.2775276511608544
1,1,0,-0.8418105654323952,1.4862964043318654,1.8801333143627106,4.343639413873619,0,1.9472777777286996
0,2,0,-0.2603084735324231,0.47587560314134286,0.6896894265922036,-0.1695171776897748,2,0.914859050933651
0,2,1,0.9753834717550186,0.47587560314134286,0.6896894265922036,-0.16474387616511763,2,0.9167692813866724
1,3,0,-0.2603084735324231,-0.5345451980491797,-0.5007544611783037,-0.5159786769142742,2,0.7654501021402886
1,2,0,-0.4056839965074161,0.47587560314134286,-0.5007544611783037,-0.1695171776897748,2,0.914859050933651
0,2,1,1.7749488481174804,-0.5345451980491797,-0.5007544611783037,-0.39863565087332103,2,0.818591850961147
1,1,0,0.10313033390505968,-0.5345451980491797,1.8801333143627106,2.4818933456466885,2,1.6385760207402065
1,1,0,0.7573201872925285,0.47587560314134286,0.6896894265922036,1.9020956840114558,0,1.519083401452217
0,3,1,-0.1876207120449266,-0.5345451980491797,-0.5007544611783037,-0.5151843995405713,2,0.7658194718052899
1,2,0,0.030442572417563193,-0.5345451980491797,-0.5007544611783037,-0.43013944093605866,1,0.8045995957538101
1,2,0,-0.5510595194824094,0.47587560314134286,0.6896894265922036,-0.11223755939388826,2,0.9375444536116836
1,1,0,0.46656914134254246,-0.5345451980491797,-0.5007544611783037,1.9237340144830313,0,1.5238091175798147
0,3,1,2.283763178529956,-0.5345451980491797,-0.5007544611783037,-0.5468466632139275,2,0.7509885789373849
1,2,0,0.46656914134254246,-0.5345451980491797,-0.5007544611783037,-0.4177288569719499,2,0.8101350909801022
1,3,0,0.10313033390505968,0.47587560314134286,0.6896894265922036,-0.27405248107976776,2,0.8720830353169743
1,1,0,-0.9871860884073884,-0.5345451980491797,0.6896894265922036,0.4410682787794969,0,1.1336604675596444
1,3,0,-0.11493295055743012,1.4862964043318654,-0.5007544611783037,-0.22202349446100417,1,0.8936020971134152
0,1,1,1.15710287547376,-0.5345451980491797,-0.5007544611783037,-0.12178416244320268,2,0.933799111281787
0,1,1,0.6119446643175355,-0.5345451980491797,0.6896894265922036,2.2641506046567055,2,1.5953574748838848
0,3,1,-0.9871860884073884,1.4862964043318654,-0.5007544611783037,-0.3222628264788056,2,0.8517213664317062
1,1,0,-0.11493295055743012,0.47587560314134286,-0.5007544611783037,1.885866458827621,2,1.5155242958991448
0,1,1,-0.042245189069933305,0.47587560314134286,-0.5007544611783037,0.6056669899145564,2,1.1852814623310675
1,1,0,0.8300079487800256,-0.5345451980491797,-0.5007544611783037,1.9020956840114558,0,1.519083401452217
1,3,1,1.1207589947300116,-0.5345451980491797,-0.5007544611783037,-0.5122402271601627,2,0.7671874367860494
0,1,1,1.1207589947300116,-0.5345451980491797,-0.5007544611783037,0.01186828024719934,2,0.9849988543177731
1,2,1,-2.00481474923234,0.47587560314134286,0.6896894265922036,-0.1695171776897748,2,0.914859050933651
1,1,0,-0.4056839965074161,2.496717205522388,1.8801333143627106,4.355572667685264,2,1.94897875092556
0,2,1,-0.11493295055743012,-0.5345451980491797,-0.5007544611783037,-0.4177288569719499,2,0.8101350909801022
0,2,1,0.46656914134254246,-0.5345451980491797,-0.5007544611783037,-0.4177288569719499,2,0.8101350909801022
1,2,0,-0.4056839965074161,-0.5345451980491797,-0.5007544611783037,-0.4177288569719499,2,0.8101350909801022
1,2,0,0.7573201872925285,-0.5345451980491797,-0.5007544611783037,-0.4177288569719499,2,0.8101350909801022
1,3,0,-0.11493295055743012,0.47587560314134286,-0.5007544611783037,-0.3585399180662004,2,0.8361216174263862
1,3,1,-1.9321269877448435,0.47587560314134286,0.6896894265922036,-0.36235855928592625,2,0.8344652927650241
0,3,1,0.9026957102675218,-0.5345451980491797,-0.5007544611783037,-0.5005456384247525,2,0.7726027456664173
0,3,1,-0.4783717579949126,-0.5345451980491797,-0.5007544611783037,-0.4898057099942738,2,0.7775502876715757
0,1,1,-0.11493295055743012,-0.5345451980491797,-0.5007544611783037,0.002321677197884835,2,0.9814274041281773
0,3,1,-1.059873849894885,0.47587560314134286,0.6896894265922036,-0.5279119307259174,0,0.759884192086878
0,3,1,-0.3329962350199196,0.47587560314134286,-0.5007544611783037,-0.3260814676985314,2,0.8500907004428905
1,1,0,-0.5510595194824094,-0.5345451980491797,0.6896894265922036,0.38418579917046186,2,1.11518301121216
0,2,0,0.6119446643175355,-0.5345451980491797,-0.5007544611783037,-0.4177288569719499,2,0.8101350909801022
0,3,1,0.7573201872925285,0.47587560314134286,4.261021089903726,-0.13324008610238,2,0.9292861051048629
0,2,1,-0.042245189069933305,0.47587560314134286,-0.5007544611783037,-0.1366615886352543,0,0.9279342611777847
0,3,0,1.1207589947300116,-0.5345451980491797,0.6896894265922036,-0.3899635166633238,0,0.822409419372514
0,3,1,0.3938813798550457,-0.5345451980491797,-0.5007544611783037,-0.5313334332587916,2,0.7582826030455191
0,3,1,0.030442572417563193,-0.5345451980491797,-0.5007544611783037,-0.5275147920390657,2,0.7600699247782685
1,1,0,2.21107541704246,0.47587560314134286,-0.5007544611783037,0.7708232226676961,0,1.2345302608303015
1,3,0,-0.11493295055743012,-0.5345451980491797,-0.5007544611783037,-0.5279119307259174,0,0.759884192086878
1,1,0,-0.4056839965074161,-0.5345451980491797,-0.5007544611783037,0.6572186463808545,0,1.2009158915158262
1,1,1,-0.3329962350199196,0.47587560314134286,-0.5007544611783037,0.3926192683042262,0,1.1179441530677092
0,3,1,-0.8418105654323952,0.47587560314134286,-0.5007544611783037,-0.5419148880786517,2,0.7533131787189666
0,3,1,-0.7691228039448987,-0.5345451980491797,-0.5007544611783037,-0.5122402271601627,2,0.7671874367860494
0,1,1,-0.5510595194824094,-0.5345451980491797,-0.5007544611783037,1.9237340144830313,0,1.5238091175798147
0,3,0,-1.9321269877448435,2.496717205522388,0.6896894265922036,-0.2635512177255219,2,0.876463791510184
1,1,0,-0.11493295055743012,0.47587560314134286,-0.5007544611783037,0.9029634834350868,0,1.272258551372299
1,3,0,-0.5510595194824094,-0.5345451980491797,-0.5007544611783037,-0.5275147920390657,2,0.7600699247782685
0,1,1,-0.1876207120449266,-0.5345451980491797,1.8801333143627106,3.3722725536058773,0,1.7981081221259794
0,3,1,-0.6964350424574023,-0.5345451980491797,-0.5007544611783037,-0.5893290467833767,0,0.7307374736999699
0,3,1,-0.7691228039448987,-0.5345451980491797,-0.5007544611783037,-0.5174908588372856,2,0.7647465017649107
1,1,0,0.9026957102675218,-0.5345451980491797,-0.5007544611783037,3.6782411813364044,0,1.8475381279309104
1,3,0,-2.0775025107198366,-0.5345451980491797,1.8801333143627106,-0.3653810138113392,0,0.8331523639769012
0,3,1,0.1758180953925562,-0.5345451980491797,-0.5007544611783037,-0.5146268779224913,2,0.7660786594278818
1,1,0,0.3938813798550457,0.47587560314134286,-0.5007544611783037,0.32690618087457535,2,1.0962250137698162
0,2,1,-0.8418105654323952,-0.5345451980491797,-0.5007544611783037,0.7374101119950957,2,1.2247604311299654
0,3,1,-2.0775025107198366,4.517558807903433,1.8801333143627106,0.2295308297715682,2,1.063147918505365
0,3,1,-0.11493295055743012,-0.5345451980491797,-0.5007544611783037,-0.5183653276766028,1,0.7643393957193914
1,2,0,-0.9144983269198919,-0.5345451980491797,-0.5007544611783037,-0.4368220630705788,0,0.8016062038138638
1,1,1,0.46656914134254246,0.47587560314134286,1.8801333143627106,1.6252441955813373,2,1.4565628560814297
1,3,1,-0.623747280969906,-0.5345451980491797,-0.5007544611783037,-0.5170937201504342,2,0.7649313336416875
0,3,1,-0.11493295055743012,1.4862964043318654,-0.5007544611783037,-0.5146268779224913,2,0.7660786594278818
1,1,0,-0.4783717579949126,0.47587560314134286,-0.5007544611783037,1.4968423845680583,0,1.426183821963067
1,3,0,-0.4056839965074161,-0.5345451980491797,1.8801333143627106,-0.34708399440702314,2,0.8410741942844379
0,3,1,-0.5510595194824094,-0.5345451980491797,-0.5007544611783037,-0.5170937201504342,2,0.7649313336416875
0,3,0,0.10313033390505968,-0.5345451980491797,-0.5007544611783037,-0.5159786769142742,2,0.7654501021402886
0,2,1,1.1934467562175084,-0.5345451980491797,-0.5007544611783037,-0.1695171776897748,2,0.914859050933651
0,2,1,-0.4783717579949126,-0.5345451980491797,-0.5007544611783037,-0.46546187221852203,2,0.7886749112599956
1,2,0,-0.11493295055743012,-0.5345451980491797,-0.5007544611783037,-0.42441147910647,2,0.8071582477894976
1,3,1,0.6846324258050319,-0.5345451980491797,-0.5007544611783037,-0.5146268779224913,2,0.7660786594278818
0,3,1,-0.2603084735324231,-0.5345451980491797,-0.5007544611783037,-0.5122402271601627,2,0.7671874367860494
0,3,0,-0.623747280969906,0.47587560314134286,-0.5007544611783037,-0.4783497863350965,2,0.7828008240663956
0,3,1,-0.11493295055743012,0.47587560314134286,-0.5007544611783037,-0.36331321959085766,2,0.8340507825863744
0,3,0,-0.6964350424574023,-0.5345451980491797,-0.5007544611783037,-0.5005456384247525,2,0.7726027456664173
0,2,1,0.32119361836754917,0.47587560314134286,-0.5007544611783037,-0.2649832081829191,2,0.8758675445160868
0,3,1,1.5568855636549905,-0.5345451980491797,-0.5007544611783037,-0.5179681889897514,2,0.7645243028507036
1,2,1,-1.9321269877448435,0.47587560314134286,0.6896894265922036,-0.307942921904834,2,0.8578127903883277
0,3,1,-0.623747280969906,-0.5345451980491797,-0.5007544611783037,-0.5174908588372856,2,0.7647465017649107
0,3,1,-0.11493295055743012,-0.5345451980491797,-0.5007544611783037,-0.5349936008678987,1,0.756566451532964
1,1,0,0.24850585688005267,0.47587560314134286,-0.5007544611783037,1.0524480126224718,1,1.313290388647127
1,3,1,1.0480712332425148,-0.5345451980491797,-0.5007544611783037,-0.5146268779224913,2,0.7660786594278818
0,3,0,-0.11493295055743012,-0.5345451980491797,-0.5007544611783037,-0.5122402271601627,2,0.7671874367860494
1,2,0,0.32119361836754917,0.47587560314134286,0.6896894265922036,-0.04541133804868727,2,0.9633762814248511
1,2,0,-0.8418105654323952,-0.5345451980491797,1.8801333143627106,-0.4177288569719499,2,0.8101350909801022
0,3,0,-1.4233126573323678,-0.5345451980491797,1.8801333143627106,-0.20483960897223824,2,0.9006087812473564
0,3,1,-0.623747280969906,-0.5345451980491797,-0.5007544611783037,-0.5182870455315984,1,0.7643758464653206
0,3,1,-0.042245189069933305,-0.5345451980491797,-0.5007544611783037,-0.5155815382274228,2,0.7656348040270329
0,3,0,-0.11493295055743012,0.47587560314134286,0.6896894265922036,-0.3909983684338695,2,0.8219546313414521
0,3,1,-0.8418105654323952,0.47587560314134286,0.6896894265922036,-0.2800191079855893,2,0.8695853928185623
1,2,0,-0.11493295055743012,0.47587560314134286,-0.5007544611783037,-0.1695171776897748,2,0.914859050933651
1,2,0,-0.7691228039448987,-0.5345451980491797,-0.5007544611783037,-0.1695171776897748,2,0.914859050933651
1,3,1,0.1758180953925562,-0.5345451980491797,-0.5007544611783037,-0.5122402271601627,2,0.7671874367860494
1,1,1,-0.11493295055743012,-0.5345451980491797,-0.5007544611783037,-0.15901591433552895,2,0.9190567516792976
1,2,0,0.9026957102675218,0.47587560314134286,-0.5007544611783037,-0.1695171776897748,2,0.914859050933651
0,3,1,-0.9144983269198919,-0.5345451980491797,-0.5007544611783037,-0.5299014428013944,2,0.7589532231087103
0,1,1,1.4841978021674944,0.47587560314134286,-0.5007544611783037,0.4013696846592278,2,1.1208010280161373
1,1,0,-1.1325616113823815,0.47587560314134286,1.8801333143627106,1.6252441955813373,2,1.4565628560814297
0,3,0,-0.623747280969906,1.4862964043318654,1.8801333143627106,-0.009611576613758159,2,0.9769450792310375
1,2,0,-0.4056839965074161,1.4862964043318654,3.0705772021332183,-0.307942921904834,2,0.8578127903883277
0,1,1,2.501826462992446,0.47587560314134286,4.261021089903726,4.355572667685264,2,1.94897875092556
0,2,1,0.10313033390505968,-0.5345451980491797,-0.5007544611783037,-0.46546187221852203,2,0.7886749112599956
1,2,0,1.1207589947300116,0.47587560314134286,0.6896894265922036,-0.16474387616511763,2,0.9167692813866724
0,3,1,-0.6964350424574023,-0.5345451980491797,-0.5007544611783037,-0.4845550783171509,2,0.77996020610034
0,3,1,-0.3329962350199196,0.47587560314134286,-0.5007544611783037,-0.5174908588372856,2,0.7647465017649107
1,2,0,-0.11493295055743012,-0.5345451980491797,-0.5007544611783037,-0.4177288569719499,2,0.8101350909801022
1,3,1,-0.11493295055743012,-0.5345451980491797,-0.5007544611783037,-0.5110469017789984,2,0.7677413647854416
1,1,1,-1.859439226257347,-0.5345451980491797,1.8801333143627106,0.8969968565292651,2,1.2705853149799529
1,2,0,-1.205249372869878,-0.5345451980491797,0.6896894265922036,-0.2936230173308623,2,0.8638673334429902
1,1,1,0.32119361836754917,-0.5345451980491797,-0.5007544611783037,-0.15901591433552895,2,0.9190567516792976
1,3,0,-1.7867514647698506,1.4862964043318654,0.6896894265922036,-0.298237845244901,0,0.8619201563560819
1,1,1,1.6295733251424873,-0.5345451980491797,-0.5007544611783037,-0.08359775024594501,2,0.948697043491871
0,2,1,0.46656914134254246,0.47587560314134286,1.8801333143627106,-0.1361040670171743,2,0.9281546639851527
0,3,1,-0.11493295055743012,0.47587560314134286,-0.5007544611783037,-0.2847122180446323,2,0.86761645463756
0,1,1,0.030442572417563193,-0.5345451980491797,-0.5007544611783037,-0.1361040670171743,0,0.9281546639851527
1,1,1,1.4115100406799976,0.47587560314134286,-0.5007544611783037,1.03534431859932,0,1.3086800174385491
1,3,1,-0.042245189069933305,-0.5345451980491797,-0.5007544611783037,-0.5151843995405713,0,0.7658194718052899
0,1,1,2.574514224479943,-0.5345451980491797,-0.5007544611783037,-0.15901591433552895,2,0.9190567516792976
1,1,0,-0.11493295055743012,0.47587560314134286,-0.5007544611783037,0.32428086503601383,2,1.0953474319154595
1,2,0,1.4841978021674944,-0.5345451980491797,-0.5007544611783037,-0.46546187221852203,2,0.7886749112599956
1,1,1,1.3388222791925013,-0.5345451980491797,-0.5007544611783037,-0.15901591433552895,2,0.9190567516792976
0,3,1,0.32119361836754917,-0.5345451980491797,-0.5007544611783037,-0.5122402271601627,2,0.7671874367860494
0,1,1,1.2661345177050045,-0.5345451980491797,-0.5007544611783037,0.06914789854308581,2,1.006163769829153
0,2,1,1.3388222791925013,-0.5345451980491797,-0.5007544611783037,-0.4177288569719499,2,0.8101350909801022
0,3,1,0.6119446643175355,-0.5345451980491797,-0.5007544611783037,-0.5313334332587916,2,0.7582826030455191
0,1,1,1.9203243710924733,-0.5345451980491797,-0.5007544611783037,-0.15901591433552895,2,0.9190567516792976
0,3,1,-0.11493295055743012,-0.5345451980491797,-0.5007544611783037,-0.518445519142217,1,0.7643020545531661
1,3,0,-2.0956744510917105,1.4862964043318654,0.6896894265922036,-0.298237845244901,0,0.8619201563560819
0,3,1,0.6119446643175355,-0.5345451980491797,-0.5007544611783037,-0.5005456384247525,2,0.7726027456664173
1,2,0,0.24850585688005267,0.47587560314134286,1.8801333143627106,-0.1361040670171743,2,0.9281546639851527
1,2,0,-0.4783717579949126,-0.5345451980491797,-0.5007544611783037,-0.4026127657036654,0,0.8168361951161726
0,3,0,-0.5510595194824094,-0.5345451980491797,-0.5007544611783037,-0.47811112125886357,2,0.7829099176242594
0,1,1,-0.11493295055743012,-0.5345451980491797,-0.5007544611783037,0.32690618087457535,2,1.0962250137698162
0,3,1,-0.042245189069933305,0.47587560314134286,-0.5007544611783037,-0.5314136247244058,2,0.7582450350210199
0,3,1,-0.5510595194824094,-0.5345451980491797,-0.5007544611783037,-0.5223443518275571,2,0.7624848786531
1,3,0,-2.00481474923234,-0.5345451980491797,0.6896894265922036,-0.43133276631722295,2,0.8040657182291913
0,3,1,-1.4960004188198641,4.517558807903433,1.8801333143627106,0.2295308297715682,2,1.063147918505365
0,3,1,1.4841978021674944,-0.5345451980491797,-0.5007544611783037,-0.5122402271601627,2,0.7671874367860494
1,3,0,2.4291387015049493,-0.5345451980491797,-0.5007544611783037,-0.48288442278352084,2,0.7807257819880657
1,1,1,-0.3329962350199196,0.47587560314134286,-0.5007544611783037,1.0730534006441121,0,1.3188165744098794
1,1,0,0.3938813798550457,0.47587560314134286,-0.5007544611783037,1.0524480126224718,2,1.313290388647127
0,1,1,2.065699894067467,-0.5345451980491797,-0.5007544611783037,-0.0988723151248481,0,0.9427644777451637
1,3,1,-1.4960004188198641,0.47587560314134286,0.6896894265922036,-0.36235855928592625,2,0.8344652927650241
0,3,1,-0.623747280969906,-0.5345451980491797,-0.5007544611783037,-0.5275147920390657,2,0.7600699247782685
0,1,1,1.8476366096049772,-0.5345451980491797,-0.5007544611783037,-0.08359775024594501,2,0.948697043491871
0,1,1,3.010640793404922,-0.5345451980491797,-0.5007544611783037,0.27925335709361737,0,1.0801746530849534
0,3,1,-0.11493295055743012,-0.5345451980491797,-0.5007544611783037,-0.38988523451831947,0,0.8224438137438569
1,1,0,1.7749488481174804,0.47587560314134286,-0.5007544611783037,0.8284216975054298,0,1.2511508794233435
0,3,1,-0.11493295055743012,-0.5345451980491797,-0.5007544611783037,-0.37763312416482936,2,0.8278124229229021
0,1,0,-0.3329962350199196,0.47587560314134286,1.8801333143627106,2.2276348479930776,2,1.5879231987404987
0,3,1,-0.4056839965074161,-0.5345451980491797,-0.5007544611783037,-0.5170937201504342,2,0.7649313336416875
0,3,0,-0.623747280969906,-0.5345451980491797,-0.5007544611783037,-0.5179681889897514,1,0.7645243028507036
0,3,0,-0.11493295055743012,-0.5345451980491797,-0.5007544611783037,-0.5202746482864657,1,0.7634499414852577
0,3,0,0.539256902830039,-0.5345451980491797,-0.5007544611783037,-0.48288442278352084,2,0.7807257819880657
1,1,0,-0.9871860884073884,-0.5345451980491797,-0.5007544611783037,0.9856217912772708,2,1.2951551109536859
0,1,1,-0.8418105654323952,0.47587560314134286,-0.5007544611783037,1.413309607886557,0,1.405913183324136
1,2,0,0.24850585688005267,-0.5345451980491797,1.8801333143627106,-0.1695171776897748,2,0.914859050933651
0,3,1,-0.11493295055743012,-0.5345451980491797,-0.5007544611783037,-0.2358660688825101,2,0.8879219018918034
1,3,1,-0.2603084735324231,-0.5345451980491797,-0.5007544611783037,0.412745416852791,2,1.1245028673476904
1,3,1,-0.042245189069933305,-0.5345451980491797,-0.5007544611783037,-0.5179681889897514,1,0.7645243028507036
1,1,1,0.46656914134254246,-0.5345451980491797,-0.5007544611783037,-0.16402788093641898,2,0.9170555014903915
1,1,0,1.7749488481174804,0.47587560314134286,-0.5007544611783037,0.46819590600442873,0,1.1423536791248168
0,3,1,-0.4056839965074161,-0.5345451980491797,-0.5007544611783037,-0.5228216819800228,2,0.7622621765839729
0,1,1,1.2661345177050045,-0.5345451980491797,-0.5007544611783037,-0.01637439021389247,2,0.9743959081194143
1,2,0,0.32119361836754917,-0.5345451980491797,-0.5007544611783037,-0.46546187221852203,2,0.7886749112599956
0,3,1,-0.11493295055743012,-0.5345451980491797,-0.5007544611783037,-0.20483960897223824,1,0.9006087812473564
1,2,0,0.46656914134254246,0.47587560314134286,-0.5007544611783037,-0.1695171776897748,2,0.914859050933651
0,3,1,0.1758180953925562,-0.5345451980491797,-0.5007544611783037,-0.5151843995405713,2,0.7658194718052899
1,1,0,0.030442572417563193,-0.5345451980491797,-0.5007544611783037,1.1192742339676727,2,1.3311026277424458
1,1,0,1.0480712332425148,-0.5345451980491797,0.6896894265922036,0.4410682787794969,0,1.1336604675596444
0,3,1,-0.11493295055743012,-0.5345451980491797,-0.5007544611783037,-0.5279119307259174,0,0.759884192086878
0,3,1,0.7936640680362772,-0.5345451980491797,-0.5007544611783037,-0.5179681889897514,1,0.7645243028507036
0,1,1,-0.11493295055743012,-0.5345451980491797,-0.5007544611783037,3.568535437734903,2,1.8300945297280995
0,3,1,0.6846324258050319,-0.5345451980491797,-0.5007544611783037,-0.5146268779224913,2,0.7660786594278818
0,2,1,-0.4783717579949126,1.4862964043318654,0.6896894265922036,-0.4463686661198932,2,0.7973143259951001
1,2,0,-2.00481474923234,0.47587560314134286,0.6896894265922036,-0.1695171776897748,2,0.914859050933651
0,3,1,-0.9144983269198919,0.47587560314134286,0.6896894265922036,-0.5279119307259174,0,0.759884192086878
1,3,0,-0.11493295055743012,-0.5345451980491797,1.8801333143627106,-0.2390489063391515,0,0.886611273878967
0,3,0,0.030442572417563193,-0.5345451980491797,-0.5007544611783037,-0.5005456384247525,2,0.7726027456664173
1,2,0,-1.6413759417948575,-0.5345451980491797,1.8801333143627106,-0.16474387616511763,2,0.9167692813866724
0,1,1,1.1207589947300116,-0.5345451980491797,-0.5007544611783037,-0.15901591433552895,2,0.9190567516792976
1,1,0,0.030442572417563193,-0.5345451980491797,-0.5007544611783037,1.3660539227924506,0,1.3942611565237224
0,3,1,-0.11493295055743012,-0.5345451980491797,-0.5007544611783037,-0.3890890478240066,2,0.822793562482025
1,1,0,-0.5510595194824094,-0.5345451980491797,1.8801333143627106,0.27917316562800326,0,1.0801474248072032
1,1,0,0.46656914134254246,-0.5345451980491797,1.8801333143627106,0.6896770967485236,2,1.210635846774935
0,3,0,-1.4960004188198641,3.50713800671291,1.8801333143627106,-0.06880051551950765,2,0.9544108475670382
0,3,0,-1.3506248958448712,3.50713800671291,1.8801333143627106,-0.06880051551950765,2,0.9544108475670382
1,2,1,0.1758180953925562,0.47587560314134286,-0.5007544611783037,-0.1695171776897748,2,0.914859050933651
0,1,1,1.4841978021674944,0.47587560314134286,-0.5007544611783037,1.3660539227924506,0,1.3942611565237224
0,1,1,2.501826462992446,-0.5345451980491797,-0.5007544611783037,-0.1695171776897748,2,0.914859050933651
1,2,0,-0.7691228039448987,0.47587560314134286,-0.5007544611783037,-0.1695171776897748,2,0.914859050933651
1,2,1,-0.11493295055743012,-0.5345451980491797,-0.5007544611783037,-0.4012609667118825,0,0.8174332785263403
0,3,1,0.24850585688005267,0.47587560314134286,0.6896894265922036,-0.27405248107976776,2,0.8720830353169743
1,2,1,-1.5686881803073607,0.47587560314134286,0.6896894265922036,0.03573478787048533,2,0.9938720710022215
1,1,1,-0.9144983269198919,-0.5345451980491797,1.8801333143627106,1.4511771635419677,0,1.4151533311078262
0,2,1,-0.1876207120449266,-0.5345451980491797,-0.5007544611783037,-0.1695171776897748,2,0.914859050933651
0,3,1,-0.11493295055743012,-0.5345451980491797,-0.5007544611783037,-0.51645600706674,1,0.765228059527686
1,3,1,-0.5510595194824094,-0.5345451980491797,-0.5007544611783037,-0.5279921221915316,0,0.7598466841838859
1,3,0,-0.5510595194824094,-0.5345451980491797,-0.5007544611783037,-0.5174908588372856,2,0.7647465017649107
1,1,0,1.3388222791925013,0.47587560314134286,-0.5007544611783037,0.09015042525157764,0,1.013813357507235
0,1,1,-0.11493295055743012,-0.5345451980491797,-0.5007544611783037,3.6782411813364044,0,1.8475381279309104
1,1,0,0.6846324258050319,0.47587560314134286,0.6896894265922036,0.8548333295016631,2,1.258680813673002
1,3,0,0.46656914134254246,0.47587560314134286,-0.5007544611783037,-0.33371875013798297,2,0.8468213695046554
0,3,1,0.7573201872925285,-0.5345451980491797,-0.5007544611783037,-0.5151843995405713,2,0.7658194718052899
0,2,1,-0.11493295055743012,-0.5345451980491797,-0.5007544611783037,-0.40818225392263546,2,0.814372410542658
0,3,1,-0.4056839965074161,1.4862964043318654,-0.5007544611783037,-0.20483960897223824,2,0.9006087812473564
0,3,1,-0.7691228039448987,-0.5345451980491797,-0.5007544611783037,-0.5151843995405713,2,0.7658194718052899
0,3,0,-0.042245189069933305,-0.5345451980491797,4.261021089903726,-0.2635512177255219,2,0.876463791510184
1,3,1,0.1758180953925562,-0.5345451980491797,-0.5007544611783037,-0.5159786769142742,2,0.7654501021402886
1,2,1,2.356450940017453,-0.5345451980491797,-0.5007544611783037,-0.46546187221852203,2,0.7886749112599956
1,1,0,1.702261086629984,1.4862964043318654,-0.5007544611783037,0.31696243913840944,2,1.0928969791546685
1,1,1,0.46656914134254246,-0.5345451980491797,-0.5007544611783037,-0.16211856032655617,2,0.917818354834849
0,3,1,-0.9871860884073884,-0.5345451980491797,-0.5007544611783037,-0.5122402271601627,2,0.7671874367860494
0,3,1,-0.7691228039448987,-0.5345451980491797,-0.5007544611783037,-0.3890890478240066,2,0.822793562482025
1,2,0,0.32119361836754917,-0.5345451980491797,-0.5007544611783037,-0.4177288569719499,2,0.8101350909801022
1,1,0,0.6846324258050319,0.47587560314134286,-0.5007544611783037,0.4013696846592278,2,1.1208010280161373
0,3,0,-0.11493295055743012,0.47587560314134286,-0.5007544611783037,-0.38988523451831947,0,0.8224438137438569
1,3,1,0.1758180953925562,-0.5345451980491797,-0.5007544611783037,-0.5146268779224913,2,0.7660786594278818
1,2,0,-0.3329962350199196,0.47587560314134286,0.6896894265922036,-0.09314435329525939,2,0.9449933163877846
1,1,0,0.6846324258050319,0.47587560314134286,0.6896894265922036,1.4511771635419677,0,1.4151533311078262
0,2,1,1.7749488481174804,-0.5345451980491797,-0.5007544611783037,-0.1695171776897748,2,0.914859050933651
0,1,1,0.46656914134254246,-0.5345451980491797,-0.5007544611783037,0.10017435845335768,0,1.0174437705966113
0,3,1,-0.11493295055743012,-0.5345451980491797,-0.5007544611783037,-0.4995909781198211,0,0.7730435197379687
1,1,0,-0.8418105654323952,-0.5345451980491797,1.8801333143627106,0.8548333295016631,2,1.258680813673002
0,2,1,1.2661345177050045,-0.5345451980491797,-0.5007544611783037,-0.3795424447746922,2,0.8269776934657875
1,1,1,2.21107541704246,0.47587560314134286,0.6896894265922036,0.8462413867572802,0,1.2562374748331564
0,3,1,0.3938813798550457,-0.5345451980491797,-0.5007544611783037,-0.5299014428013944,2,0.7589532231087103
1,1,0,1.6295733251424873,0.47587560314134286,-0.5007544611783037,0.8284216975054298,0,1.2511508794233435
0,3,1,1.2661345177050045,-0.5345451980491797,-0.5007544611783037,-0.5275147920390657,2,0.7600699247782685
0,3,0,-0.11493295055743012,-0.5345451980491797,1.8801333143627106,-0.5179681889897514,1,0.7645243028507036
0,2,1,0.539256902830039,0.47587560314134286,-0.5007544611783037,-0.1695171776897748,2,0.914859050933651
0,3,1,0.46656914134254246,0.47587560314134286,0.6896894265922036,-0.20483960897223824,2,0.9006087812473564
1,2,0,-0.11493295055743012,-0.5345451980491797,-0.5007544611783037,-0.035864734999372906,2,0.9670126675442017
0,3,1,1.4115100406799976,-0.5345451980491797,-0.5007544611783037,-0.665940536254125,2,0.6931471805599453
1,1,1,1.4115100406799976,0.47587560314134286,-0.5007544611783037,0.4210204123759367,0,1.1271870951743967
1,2,0,-0.4056839965074161,1.4862964043318654,0.6896894265922036,-0.15042397159114598,2,0.9224781759655112
0,1,1,-0.11493295055743012,-0.5345451980491797,-0.5007544611783037,0.14361140232773834,2,1.0330250181697886
0,3,1,1.0480712332425148,-0.5345451980491797,-0.5007544611783037,-0.5122402271601627,2,0.7671874367860494
1,1,1,0.3938813798550457,-0.5345451980491797,-0.5007544611783037,-0.15901591433552895,0,0.9190567516792976
0,3,1,0.46656914134254246,0.47587560314134286,-0.5007544611783037,-0.36904118142044634,2,0.8315601068278511
0,3,1,0.030442572417563193,-0.5345451980491797,-0.5007544611783037,-0.5151843995405713,2,0.7658194718052899
1,1,1,-0.1876207120449266,-0.5345451980491797,-0.5007544611783037,-0.08359775024594501,2,0.948697043491871
1,2,0,-0.5510595194824094,0.47587560314134286,1.8801333143627106,0.12793969876198383,0,1.0274313948537996
1,1,0,0.7573201872925285,-0.5345451980491797,-0.5007544611783037,2.2641506046567055,2,1.5953574748838848
0,3,0,0.6846324258050319,0.47587560314134286,5.451464977674233,-0.06880051551950765,2,0.9544108475670382
0,3,1,-0.11493295055743012,-0.5345451980491797,-0.5007544611783037,-0.5313334332587916,2,0.7582826030455191
1,2,0,-0.4056839965074161,0.47587560314134286,1.8801333143627106,0.5751178601567504,2,1.1758999420195733
0,3,1,0.32119361836754917,0.47587560314134286,0.6896894265922036,-0.3909983684338695,2,0.8219546313414521
0,3,0,-0.2603084735324231,0.47587560314134286,-0.5007544611783037,-0.3585399180662004,2,0.8361216174263862
1,2,0,-1.859439226257347,1.4862964043318654,0.6896894265922036,0.07869450159240032,2,1.0096481108749942
0,2,1,-0.2603084735324231,-0.5345451980491797,-0.5007544611783037,-0.46546187221852203,2,0.7886749112599956
0,3,1,-0.1876207120449266,0.47587560314134286,-0.5007544611783037,-0.3899635166633238,0,0.822409419372514
1,1,1,0.9026957102675218,0.47587560314134286,-0.5007544611783037,0.33748763569443546,2,1.0997543602388835
1,3,1,-0.6964350424574023,0.47587560314134286,0.6896894265922036,-0.3653810138113392,0,0.8331523639769012
0,3,1,-0.623747280969906,-0.5345451980491797,-0.5007544611783037,-0.5159786769142742,2,0.7654501021402886
0,3,1,-0.623747280969906,-0.5345451980491797,-0.5007544611783037,-0.3585399180662004,2,0.8361216174263862
0,1,1,2.283763178529956,-0.5345451980491797,-0.5007544611783037,-0.04883284058156162,2,0.9620697750408096
0,2,1,1.9930121325799701,-0.5345451980491797,-0.5007544611783037,-0.43013944093605866,1,0.8045995957538101
1,1,0,-0.623747280969906,-0.5345451980491797,-0.5007544611783037,0.8225333527446125,2,1.2494643594898927
0,3,1,-0.2603084735324231,-0.5345451980491797,-0.5007544611783037,-0.5151843995405713,2,0.7658194718052899
0,3,1,-0.11493295055743012,-0.5345451980491797,-0.5007544611783037,-0.5182870455315984,1,0.7643758464653206
1,1,1,3.664830646792391,-0.5345451980491797,-0.5007544611783037,-0.09314435329525939,2,0.9449933163877846
0,3,1,1.5568855636549905,-0.5345451980491797,-0.5007544611783037,-0.5312532417931772,2,0.7583201696587145
1,1,1,0.1758180953925562,-0.5345451980491797,-0.5007544611783037,-0.08359775024594501,0,0.948697043491871
0,1,1,-0.11493295055743012,-0.5345451980491797,-0.5007544611783037,-0.665940536254125,2,0.6931471805599453
0,3,0,-1.4960004188198641,2.496717205522388,1.8801333143627106,-0.13324008610238,2,0.9292861051048629
0,2,1,0.10313033390505968,0.47587560314134286,0.6896894265922036,-0.16474387616511763,2,0.9167692813866724
0,3,0,0.8300079487800256,-0.5345451980491797,5.451464977674233,0.09182108078520755,2,1.0144193423648118
0,3,1,-0.11493295055743012,0.47587560314134286,-0.5007544611783037,-0.3585399180662004,2,0.8361216174263862
0,3,0,-2.00481474923234,2.496717205522388,1.8801333143627106,-0.13324008610238,2,0.9292861051048629
1,3,1,-0.11493295055743012,-0.5345451980491797,-0.5007544611783037,0.412745416852791,2,1.1245028673476904
1,1,1,1.3388222791925013,0.47587560314134286,-0.5007544611783037,0.799065893128788,0,1.2427144881619092
1,1,1,1.9203243710924733,-0.5345451980491797,-0.5007544611783037,0.01186828024719934,0,0.9849988543177731
0,3,1,-0.11493295055743012,-0.5345451980491797,-0.5007544611783037,-0.5217868302094771,2,0.7627449318910284
1,3,0,-0.4783717579949126,-0.5345451980491797,-0.5007544611783037,-0.5217868302094771,2,0.7627449318910284
1,2,0,-0.8418105654323952,-0.5345451980491797,0.6896894265922036,-0.22679679598566135,2,0.8916470515966485
0,3,1,-0.623747280969906,-0.5345451980491797,-0.5007544611783037,-0.5049218012625583,2,0.7705797470806742
1,3,0,-0.11493295055743012,-0.5345451980491797,-0.5007544611783037,-0.51645600706674,1,0.765228059527686
0,3,0,-0.8418105654323952,-0.5345451980491797,-0.5007544611783037,-0.5370613950883802,1,0.7555956164116546
0,2,1,-0.4056839965074161,1.4862964043318654,-0.5007544611783037,0.7374101119950957,2,1.2247604311299654
0,3,0,0.1758180953925562,0.47587560314134286,0.6896894265922036,-0.3699958417253778,1,0.831144390418402
0,2,1,-0.4783717579949126,-0.5345451980491797,-0.5007544611783037,-0.4177288569719499,2,0.8101350909801022
0,1,1,2.065699894067467,-0.5345451980491797,1.8801333143627106,1.4968423845680583,0,1.426183821963067
1,1,1,1.4841978021674944,1.4862964043318654,-0.5007544611783037,1.885866458827621,2,1.5155242958991448
0,3,1,0.7573201872925285,-0.5345451980491797,-0.5007544611783037,-0.5279921221915316,0,0.7598466841838859
0,1,1,1.2661345177050045,-0.5345451980491797,-0.5007544611783037,-0.17739312520545925,2,0.9116991711939211
0,3,1,0.46656914134254246,-0.5345451980491797,-0.5007544611783037,-0.5228216819800228,2,0.7622621765839729
1,3,1,-0.6964350424574023,0.47587560314134286,-0.5007544611783037,-0.5146268779224913,2,0.7660786594278818
0,2,1,0.1758180953925562,1.4862964043318654,-0.5007544611783037,0.7374101119950957,2,1.2247604311299654
0,3,1,-0.11493295055743012,-0.5345451980491797,-0.5007544611783037,-0.5174908588372856,2,0.7647465017649107
0,3,1,0.9753834717550186,-0.5345451980491797,-0.5007544611783037,-0.5122402271601627,2,0.7671874367860494
1,1,0,-0.11493295055743012,0.47587560314134286,-0.5007544611783037,0.32690618087457535,2,1.0962250137698162
1,2,0,0.7573201872925285,0.47587560314134286,0.6896894265922036,0.07869450159240032,2,1.0096481108749942
0,1,1,0.10313033390505968,0.47587560314134286,-0.5007544611783037,0.32690618087457535,2,1.0962250137698162
0,2,1,2.9379530319174254,-0.5345451980491797,-0.5007544611783037,-0.46546187221852203,2,0.7886749112599956
1,2,1,0.10313033390505968,-0.5345451980491797,-0.5007544611783037,-0.4177288569719499,2,0.8101350909801022
0,3,1,-0.8418105654323952,-0.5345451980491797,-0.5007544611783037,-0.5174908588372856,2,0.7647465017649107
0,3,1,-0.36934011576366804,-0.5345451980491797,-0.5007544611783037,-0.5122402271601627,2,0.7671874367860494
1,3,0,-0.8418105654323952,-0.5345451980491797,-0.5007544611783037,-0.4780309297932494,2,0.7829465703886176
0,3,0,0.9753834717550186,0.47587560314134286,6.641908865444741,0.2295308297715682,2,1.063147918505365
1,1,1,0.46656914134254246,-0.5345451980491797,0.6896894265922036,9.116066469691516,0,2.46657353773059
0,3,0,-0.11493295055743012,-0.5345451980491797,-0.5007544611783037,-0.5105695716265327,1,0.7679628500995991
1,1,1,-0.1876207120449266,-0.5345451980491797,-0.5007544611783037,0.799065893128788,0,1.2427144881619092
0,3,1,-0.6964350424574023,-0.5345451980491797,-0.5007544611783037,-0.4898057099942738,2,0.7775502876715757
0,3,1,-1.1325616113823815,4.517558807903433,1.8801333143627106,0.2295308297715682,2,1.063147918505365
0,2,1,2.21107541704246,0.47587560314134286,0.6896894265922036,0.07869450159240032,2,1.0096481108749942
0,2,1,-0.3329962350199196,0.47587560314134286,1.8801333143627106,0.12793969876198383,0,1.0274313948537996
0,3,1,-1.1325616113823815,3.50713800671291,0.6896894265922036,0.09182108078520755,2,1.0144193423648118
0,3,1,-0.7691228039448987,-0.5345451980491797,-0.5007544611783037,-0.4717473556661907,2,0.7858144074700426
0,3,1,-0.8418105654323952,-0.5345451980491797,-0.5007544611783037,-0.5170937201504342,2,0.7649313336416875
1,1,0,-1.059873849894885,-0.5345451980491797,0.6896894265922036,3.3691699076148502,2,1.797594154940281
1,1,1,0.10313033390505968,0.47587560314134286,-0.5007544611783037,0.4223722113677196,2,1.1276249054091712
1,3,0,-1.859439226257347,-0.5345451980491797,0.6896894265922036,-0.40977271799065124,0,0.813667718397333
0,3,1,-0.3329962350199196,-0.5345451980491797,-0.5007544611783037,-0.5279921221915316,0,0.7598466841838859
0,1,1,2.21107541704246,-0.5345451980491797,-0.5007544611783037,-0.15901591433552895,2,0.9190567516792976
0,2,1,1.6295733251424873,-0.5345451980491797,-0.5007544611783037,-0.40818225392263546,2,0.814372410542658
1,3,0,-0.11493295055743012,-0.5345451980491797,-0.5007544611783037,-0.5182870455315984,1,0.7643758464653206
0,1,1,1.4115100406799976,0.47587560314134286,0.6896894265922036,1.4511771635419677,0,1.4151533311078262
0,3,1,0.9026957102675218,-0.5345451980491797,-0.5007544611783037,-0.5198775095996142,2,0.7636350131409404
1,1,0,-0.8418105654323952,0.47587560314134286,-0.5007544611783037,3.6782411813364044,0,1.8475381279309104
1,1,1,0.3938813798550457,-0.5345451980491797,-0.5007544611783037,-0.16402788093641898,2,0.9170555014903915
0,3,0,-0.8418105654323952,-0.5345451980491797,0.6896894265922036,-0.3899635166633238,0,0.822409419372514
0,3,1,-0.3329962350199196,-0.5345451980491797,-0.5007544611783037,-0.51812666260037,1,0.7644505218930205
0,3,1,-0.2603084735324231,0.47587560314134286,-0.5007544611783037,-0.5159786769142742,2,0.7654501021402886
0,2,1,0.6846324258050319,-0.5345451980491797,-0.5007544611783037,-0.1695171776897748,2,0.914859050933651
1,2,0,1.1207589947300116,-0.5345451980491797,-0.5007544611783037,-0.40818225392263546,2,0.814372410542658
1,1,1,0.9026957102675218,-0.5345451980491797,-0.5007544611783037,-0.16402788093641898,2,0.9170555014903915
1,1,0,-0.5510595194824094,-0.5345451980491797,-0.5007544611783037,2.2276348479930776,2,1.5879231987404987
1,1,0,-0.4056839965074161,-0.5345451980491797,-0.5007544611783037,0.27925335709361737,0,1.0801746530849534
0,1,1,-0.11493295055743012,-0.5345451980491797,-0.5007544611783037,-0.15901591433552895,2,0.9190567516792976
1,1,1,1.3388222791925013,0.47587560314134286,-0.5007544611783037,0.32690618087457535,2,1.0962250137698162
0,3,1,-0.042245189069933305,-0.5345451980491797,-0.5007544611783037,-0.484873934858998,2,0.7798140238440868
0,2,1,1.6295733251424873,-0.5345451980491797,-0.5007544611783037,-0.4177288569719499,2,0.8101350909801022
0,3,1,-0.7691228039448987,-0.5345451980491797,-0.5007544611783037,-0.5198775095996142,2,0.7636350131409404
1,1,0,0.6119446643175355,-0.5345451980491797,-0.5007544611783037,3.6782411813364044,0,1.8475381279309104
1,2,0,-0.1876207120449266,-0.5345451980491797,-0.5007544611783037,-0.46546187221852203,2,0.7886749112599956
0,3,1,-0.11493295055743012,-0.5345451980491797,-0.5007544611783037,-0.3699958417253778,1,0.831144390418402
0,3,1,0.24850585688005267,-0.5345451980491797,-0.5007544611783037,-0.5174908588372856,2,0.7647465017649107
1,2,0,-1.7140637032823536,-0.5345451980491797,0.6896894265922036,-0.035864734999372906,2,0.9670126675442017
0,3,1,-0.9144983269198919,0.47587560314134286,-0.5007544611783037,-0.5312532417931772,2,0.7583201696587145
0,2,1,0.32119361836754917,-0.5345451980491797,-0.5007544611783037,-0.4177288569719499,2,0.8101350909801022
0,2,1,1.4841978021674944,-0.5345451980491797,-0.5007544611783037,-0.4177288569719499,2,0.8101350909801022
1,1,1,-0.1876207120449266,0.47587560314134286,-0.5007544611783037,0.3479087075830671,2,1.1032180803193525
0,3,1,-0.6964350424574023,-0.5345451980491797,-0.5007544611783037,-0.5005456384247525,2,0.7726027456664173
1,2,0,0.030442572417563193,2.496717205522388,-0.5007544611783037,-0.2649832081829191,2,0.8758675445160868
1,3,0,-0.11493295055743012,-0.5345451980491797,-0.5007544611783037,-0.5182068540659842,1,0.764413184876223
0,2,1,-0.3329962350199196,0.47587560314134286,-0.5007544611783037,-0.1695171776897748,2,0.914859050933651
0,3,0,-0.3329962350199196,0.47587560314134286,-0.5007544611783037,-0.5146268779224913,2,0.7660786594278818
1,1,0,-0.042245189069933305,-0.5345451980491797,-0.5007544611783037,3.3691699076148502,2,1.797594154940281
0,3,1,-1.3506248958448712,-0.5345451980491797,-0.5007544611783037,-0.3072269266761354,0,0.8581163897397428
0,3,1,-0.07858906981368172,-0.5345451980491797,-0.5007544611783037,-0.3585399180662004,2,0.8361216174263862
0,3,0,1.3388222791925013,0.47587560314134286,3.0705772021332183,-0.009611576613758159,2,0.9769450792310375
1,1,1,0.3938813798550457,-0.5345451980491797,-0.5007544611783037,9.116066469691516,0,2.46657353773059
1,1,1,-0.11493295055743012,-0.5345451980491797,-0.5007544611783037,-0.09314435329525939,2,0.9449933163877846
0,1,1,0.46656914134254246,0.47587560314134286,-0.5007544611783037,0.8395587646227598,2,1.2543329642288035
1,1,0,-0.623747280969906,1.4862964043318654,1.8801333143627106,4.343639413873619,0,1.9472777777286996
0,3,1,-0.4056839965074161,0.47587560314134286,-0.5007544611783037,-0.3585399180662004,2,0.8361216174263862
1,3,1,0.10313033390505968,-0.5345451980491797,-0.5007544611783037,-0.5146268779224913,2,0.7660786594278818
0,1,1,2.9379530319174254,0.47587560314134286,0.6896894265922036,0.6896770967485236,2,1.210635846774935
0,3,1,-0.9871860884073884,0.47587560314134286,0.6896894265922036,-0.2793031127568907,2,0.8698854395047568
1,2,0,0.030442572417563193,-0.5345451980491797,-0.5007544611783037,-0.4177288569719499,2,0.8101350909801022
0,1,1,-0.7691228039448987,0.47587560314134286,-0.5007544611783037,0.3479087075830671,2,1.1032180803193525
0,3,1,0.10313033390505968,-0.5345451980491797,-0.5007544611783037,-0.5179681889897514,1,0.7645243028507036
1,2,0,-1.859439226257347,0.47587560314134286,0.6896894265922036,-0.22679679598566135,2,0.8916470515966485
1,3,1,-1.7140637032823536,-0.5345451980491797,0.6896894265922036,-0.4277527901737301,2,0.8056664964875061
0,3,1,0.24850585688005267,-0.5345451980491797,-0.5007544611783037,-0.4845550783171509,2,0.77996020610034
0,3,1,-0.4783717579949126,-0.5345451980491797,-0.5007544611783037,-0.5151843995405713,2,0.7658194718052899
1,2,0,1.3388222791925013,0.47587560314134286,1.8801333143627106,0.5751178601567504,2,1.1758999420195733
1,2,1,-2.1014894720107105,0.47587560314134286,0.6896894265922036,-0.3890890478240066,2,0.822793562482025
0,3,1,-0.11493295055743012,-0.5345451980491797,-0.5007544611783037,-0.5170937201504342,2,0.7649313336416875
1,1,0,0.24850585688005267,-0.5345451980491797,-0.5007544611783037,0.9856217912772708,2,1.2951551109536859
0,3,1,0.8300079487800256,-0.5345451980491797,-0.5007544611783037,-0.5299014428013944,2,0.7589532231087103
1,3,1,-0.6964350424574023,-0.5345451980491797,-0.5007544611783037,-0.5279119307259174,0,0.759884192086878
1,1,0,0.46656914134254246,0.47587560314134286,1.8801333143627106,1.6252441955813373,2,1.4565628560814297
0,3,1,-0.9871860884073884,-0.5345451980491797,-0.5007544611783037,-0.5174908588372856,2,0.7647465017649107
1,1,0,1.5568855636549905,0.47587560314134286,-0.5007544611783037,0.8225333527446125,2,1.2494643594898927
0,1,1,-0.11493295055743012,-0.5345451980491797,-0.5007544611783037,0.09015042525157764,0,1.013813357507235
0,3,0,0.06678645316131128,-0.5345451980491797,-0.5007544611783037,-0.5179681889897514,1,0.7645243028507036
0,3,1,-0.11493295055743012,0.47587560314134286,-0.5007544611783037,-0.20483960897223824,1,0.9006087812473564
0,3,1,0.1758180953925562,-0.5345451980491797,-0.5007544611783037,-0.5062736002543412,2,0.7699540135102061
0,3,1,-0.4056839965074161,-0.5345451980491797,-0.5007544611783037,-0.4845550783171509,2,0.77996020610034
0,3,1,1.3388222791925013,-0.5345451980491797,-0.5007544611783037,-0.5159786769142742,2,0.7654501021402886
0,2,0,1.9930121325799701,-0.5345451980491797,-0.5007544611783037,-0.46546187221852203,2,0.7886749112599956
1,2,0,1.7749488481174804,0.47587560314134286,3.0705772021332183,-0.22679679598566135,2,0.8916470515966485
0,3,1,-0.8418105654323952,-0.5345451980491797,-0.5007544611783037,-0.5179681889897514,2,0.7645243028507036
1,3,0,-1.7867514647698506,-0.5345451980491797,-0.5007544611783037,-0.4277527901737301,2,0.8056664964875061
0,3,1,-0.11493295055743012,-0.5345451980491797,-0.5007544611783037,-0.5182068540659842,1,0.764413184876223
1,1,0,0.9753834717550186,-0.5345451980491797,0.6896894265922036,3.3691699076148502,2,1.797594154940281
1,3,0,-1.205249372869878,-0.5345451980491797,-0.5007544611783037,-0.5279119307259174,0,0.759884192086878
1,1,0,-0.9144983269198919,0.47587560314134286,-0.5007544611783037,0.4223722113677196,2,1.1276249054091712
0,1,1,-0.042245189069933305,-0.5345451980491797,-0.5007544611783037,-0.09314435329525939,2,0.9449933163877846
0,3,1,-0.11493295055743012,0.47587560314134286,1.8801333143627106,-0.2182048532412784,2,0.8951633861951449
0,3,1,-0.3329962350199196,-0.5345451980491797,-0.5007544611783037,-0.5313334332587916,2,0.7582826030455191
0,3,1,-0.3329962350199196,-0.5345451980491797,-0.5007544611783037,-0.5275147920390657,2,0.7600699247782685
1,3,0,-0.8418105654323952,-0.5345451980491797,-0.5007544611783037,-0.5228216819800228,2,0.7622621765839729
0,3,1,-1.5686881803073607,3.50713800671291,0.6896894265922036,-0.10985090863155964,1,0.9384786014805386
1,3,1,-2.0775025107198366,0.47587560314134286,1.8801333143627106,-0.27309782077483635,2,0.8724820798456464
0,1,1,1.1934467562175084,-0.5345451980491797,-0.5007544611783037,0.8462413867572802,0,1.2562374748331564
0,2,1,-0.9871860884073884,-0.5345451980491797,-0.5007544611783037,-0.1695171776897748,2,0.914859050933651
0,1,1,-0.11493295055743012,-0.5345451980491797,-0.5007544611783037,-0.07985930049183348,0,0.95014369353078
0,3,1,-0.3329962350199196,-0.5345451980491797,-0.5007544611783037,-0.5151843995405713,2,0.7658194718052899
0,2,1,0.6846324258050319,-0.5345451980491797,-0.5007544611783037,-0.4177288569719499,2,0.8101350909801022
1,1,0,1.4115100406799976,-0.5345451980491797,-0.5007544611783037,-0.1708689766815577,2,0.9143174099835942
1,3,0,0.10313033390505968,-0.5345451980491797,-0.5007544611783037,-0.5001484997379011,2,0.7727861312805617
0,3,1,0.030442572417563193,-0.5345451980491797,-0.5007544611783037,-0.5279119307259174,0,0.759884192086878
0,3,0,0.030442572417563193,0.47587560314134286,0.6896894265922036,-0.20483960897223824,2,0.9006087812473564
1,2,0,0.10313033390505968,0.47587560314134286,0.6896894265922036,-0.16474387616511763,2,0.9167692813866724
1,1,1,-1.3506248958448712,0.47587560314134286,1.8801333143627106,1.6252441955813373,2,1.4565628560814297
1,3,1,-2.1196614123825848,-0.5345451980491797,0.6896894265922036,-0.5033294278739326,0,0.7713163381017879
1,3,1,-0.1876207120449266,-0.5345451980491797,-0.5007544611783037,-0.5327654237161887,2,0.7576115329492406
0,3,1,0.10313033390505968,-0.5345451980491797,-0.5007544611783037,-0.5174908588372856,2,0.7647465017649107
0,1,1,0.6846324258050319,-0.5345451980491797,-0.5007544611783037,-0.665940536254125,2,0.6931471805599453
0,3,0,-0.8418105654323952,-0.5345451980491797,-0.5007544611783037,-0.5174908588372856,2,0.7647465017649107
1,1,0,0.24850585688005267,0.47587560314134286,-0.5007544611783037,0.3479087075830671,2,1.1032180803193525
0,3,1,-0.2603084735324231,-0.5345451980491797,-0.5007544611783037,-0.5153428731511899,2,0.7657457863480754
0,3,1,0.6846324258050319,-0.5345451980491797,-0.5007544611783037,-0.20483960897223824,2,0.9006087812473564
0,2,1,0.3938813798550457,-0.5345451980491797,-0.5007544611783037,-0.46546187221852203,2,0.7886749112599956
0,3,0,-1.7140637032823536,3.50713800671291,1.8801333143627106,-0.06880051551950765,2,0.9544108475670382
0,3,1,0.06678645316131128,-0.5345451980491797,-0.5007544611783037,-0.5122402271601627,2,0.7671874367860494
0,3,0,-0.4783717579949126,-0.5345451980491797,-0.5007544611783037,-0.5146268779224913,2,0.7660786594278818
0,2,1,0.10313033390505968,0.47587560314134286,0.6896894265922036,0.040588280860756686,0,0.9956669345711598
0,3,1,0.9753834717550186,-0.5345451980491797,-0.5007544611783037,-0.5427893569179688,2,0.7529013904242059
0,3,1,-1.4233126573323678,2.496717205522388,1.8801333143627106,-0.13324008610238,2,0.9292861051048629
1,1,0,1.6295733251424873,0.47587560314134286,0.6896894265922036,1.1192742339676727,2,1.3311026277424458
1,3,1,-0.1876207120449266,-0.5345451980491797,-0.5007544611783037,-0.5005456384247525,2,0.7726027456664173
0,1,1,0.6119446643175355,-0.5345451980491797,-0.5007544611783037,-0.665940536254125,2,0.6931471805599453
1,3,0,-0.1876207120449266,-0.5345451980491797,0.6896894265922036,-0.4277527901737301,2,0.8056664964875061
0,3,1,-2.00481474923234,3.50713800671291,0.6896894265922036,0.09182108078520755,2,1.0144193423648118
0,3,1,-0.11493295055743012,-0.5345451980491797,-0.5007544611783037,-0.5332427538686545,1,0.7573877428053635
1,2,1,-2.0775025107198366,-0.5345451980491797,1.8801333143627106,0.040588280860756686,0,0.9956669345711598
1,3,1,-0.11493295055743012,-0.5345451980491797,-0.5007544611783037,-0.5179681889897514,1,0.7645243028507036
1,1,0,2.356450940017453,-0.5345451980491797,-0.5007544611783037,0.8615159516361831,2,1.2605770695561551
1,3,0,-1.059873849894885,0.47587560314134286,-0.5007544611783037,-0.3899635166633238,0,0.822409419372514
1,2,1,-2.089859430172711,0.47587560314134286,0.6896894265922036,-0.307942921904834,2,0.8578127903883277
0,3,1,-0.4783717579949126,-0.5345451980491797,-0.5007544611783037,-0.5159786769142742,2,0.7654501021402886
0,3,1,-0.8418105654323952,-0.5345451980491797,-0.5007544611783037,-0.5074669256355054,2,0.7694013101423285
1,1,0,0.6846324258050319,0.47587560314134286,0.6896894265922036,0.9218180244574826,0,1.2775276511608544
0,3,1,-0.623747280969906,-0.5345451980491797,-0.5007544611783037,-0.5005456384247525,2,0.7726027456664173
1,1,1,-0.11493295055743012,-0.5345451980491797,-0.5007544611783037,-0.0988723151248481,0,0.9427644777451637
0,3,1,-0.6964350424574023,-0.5345451980491797,-0.5007544611783037,-0.5146268779224913,2,0.7660786594278818
0,2,1,-0.9871860884073884,-0.5345451980491797,-0.5007544611783037,-0.46546187221852203,2,0.7886749112599956
1,1,0,0.030442572417563193,-0.5345451980491797,-0.5007544611783037,-0.07405114719663058,0,0.9523871036047362
0,3,1,0.35753749911129756,-0.5345451980491797,-0.5007544611783037,-0.5430280219942017,0,0.752788973327475
0,3,1,0.9026957102675218,-0.5345451980491797,-0.5007544611783037,-0.5217868302094771,2,0.7627449318910284
0,3,1,0.3938813798550457,-0.5345451980491797,-0.5007544611783037,-0.5151843995405713,0,0.7658194718052899
0,2,1,-0.11493295055743012,-0.5345451980491797,0.6896894265922036,-0.035864734999372906,2,0.9670126675442017
1,1,0,-0.11493295055743012,0.47587560314134286,-0.5007544611783037,1.03534431859932,0,1.3086800174385491
0,3,1,-1.859439226257347,3.50713800671291,1.8801333143627106,-0.06880051551950765,2,0.9544108475670382
0,3,1,3.228704077867411,-0.5345451980491797,-0.5007544611783037,-0.5174908588372856,2,0.7647465017649107
0,3,0,-1.4960004188198641,0.47587560314134286,0.6896894265922036,-0.37484933471564924,0,0.829028211294676
1,1,0,-0.9871860884073884,-0.5345451980491797,0.6896894265922036,0.08633178403185172,2,1.0124268687678015
0,2,0,1.0480712332425148,0.47587560314134286,-0.5007544611783037,-0.1695171776897748,2,0.914859050933651
1,3,0,-0.8418105654323952,-0.5345451980491797,0.6896894265922036,-0.4874190592319452,2,0.7786464251552604
1,1,0,1.1207589947300116,0.47587560314134286,0.6896894265922036,2.4818933456466885,2,1.6385760207402065
1,1,1,1.5568855636549905,-0.5345451980491797,-0.5007544611783037,-0.15901591433552895,2,0.9190567516792976
1,3,0,-0.4056839965074161,-0.5345451980491797,3.0705772021332183,-0.298237845244901,0,0.8619201563560819
0,3,1,0.8300079487800256,1.4862964043318654,-0.5007544611783037,-0.39656785665283956,2,0.8195034407023427
0,2,1,-0.623747280969906,0.47587560314134286,-0.5007544611783037,-0.4463686661198932,2,0.7973143259951001
1,1,0,1.3388222791925013,-0.5345451980491797,-0.5007544611783037,-0.1708689766815577,2,0.9143174099835942
0,2,1,-0.4056839965074161,-0.5345451980491797,-0.5007544611783037,-0.4177288569719499,2,0.8101350909801022
1,2,0,0.9026957102675218,-0.5345451980491797,-0.5007544611783037,-0.4177288569719499,2,0.8101350909801022
1,2,0,-0.1876207120449266,0.47587560314134286,-0.5007544611783037,-0.40134115817749677,0,0.8173978682694099
0,1,1,0.10313033390505968,-0.5345451980491797,-0.5007544611783037,0.2981861802610179,2,1.086582458380715
1,3,1,-1.859439226257347,0.47587560314134286,0.6896894265922036,-0.45337014479626037,2,0.7941549127420375
1,1,0,1.2661345177050045,0.47587560314134286,0.6896894265922036,0.33748763569443546,2,1.0997543602388835
0,1,1,0.24850585688005267,-0.5345451980491797,-0.5007544611783037,-0.5704745057609808,2,0.7397759775587498
0,3,1,1.2661345177050045,-0.5345451980491797,-0.5007544611783037,-0.49410168136646526,2,0.7755742072786511
1,2,0,-0.11493295055743012,0.47587560314134286,-0.5007544611783037,-0.20770358988703255,0,0.8994444045316561
1,3,0,-1.059873849894885,-0.5345451980491797,-0.5007544611783037,-0.5279921221915316,0,0.7598466841838859
0,3,1,-0.6964350424574023,-0.5345451980491797,-0.5007544611783037,-0.477952647648245,2,0.7829823491723303
1,1,0,1.9203243710924733,-0.5345451980491797,0.6896894265922036,0.9218180244574826,0,1.2775276511608544
1,2,0,-0.3329962350199196,-0.5345451980491797,0.6896894265922036,-0.1695171776897748,2,0.914859050933651
0,3,1,0.24850585688005267,-0.5345451980491797,-0.5007544611783037,-0.5151843995405713,2,0.7658194718052899
0,3,0,-0.5510595194824094,-0.5345451980491797,-0.5007544611783037,-0.4651430156766749,2,0.7888198040270161
0,2,1,-0.11493295055743012,-0.5345451980491797,-0.5007544611783037,-0.46546187221852203,2,0.7886749112599956
0,3,0,0.6846324258050319,-0.5345451980491797,5.451464977674233,-0.10985090863155964,1,0.9384786014805386
1,1,0,-0.7691228039448987,-0.5345451980491797,-0.5007544611783037,-0.09314435329525939,2,0.9449933163877846
0,3,0,-0.11493295055743012,0.47587560314134286,1.8801333143627106,-0.2182048532412784,2,0.8951633861951449
1,1,1,-0.2603084735324231,-0.5345451980491797,-0.5007544611783037,-0.09314435329525939,0,0.9449933163877846
0,3,1,0.1758180953925562,-0.5345451980491797,-0.5007544611783037,-0.5179681889897514,1,0.7645243028507036
